post_id,subreddit,full_text_clean,category,prompt_1,prompt_2,prompt_3,ground_truth
1mqfi5h,PoliticalDiscussion,"is the reality that in countries outside the west and in non-western cultures, being educated actually tends to make you more conservative? and on top of that also more religious? we all know the circlejerk so common online esp here on reddit and also on youtube of how getting educated makes you more liberal and that the bigots and pro-capitalists are brainwashed idiots who never went to college (and are stupid for not bothering to do so). this esp true for the religious who often stereotyped in discussions as having many of the negative traits associated with the above groups, if not even exactly being bigots and capitalistic alongside their religiosity........ however as someone whose family is from india and whose parents both got their degrees at universities in south asia (in addition to one of my siblings and most of my uncles and aunts)......... from what my dad tells me a lot of the most educated people in india esp public intellectuals tend to have right leaning views and in fact the most radical conservative groups like the hindutva all are headed by people with advanced education at masters and phd levels. most of my educated relatives are pretty conservative by american standards and even my pretty americanized immigrant parents are solidly to the right on some issues and have right leanings on a bunch of smaller issues (though most political quizzes point to them both as quite in the middle of the centrist spectrum). in addition i saw a comment on youtube talking about how middle eastern countries tend to emphasize islam as essential in getting many degrees even those unrelated to theology at all such as accounting and painting. maybe not emphasize islamic classes but a lot of required courses for all majors like some credits in a literature or some other writing based classes will bring up islam as a topic to be read about and discussed with with written essay assignments. that practically in east asia, universities don't focus on sexual liberation and other secular humanist ideas is a thing i seen thrown around in east asia and subs devoted to specific countries in that region. in fact one poster i remember even said all the people teaching in north korea's universities and colleges openly endorse patriotism, social hierarchy, and other confucianist values. and in several telenovelas i watched, across a lot of latin america, the clergy is directly involved with how universities and colleges are run. esp prominent in telenovelas from mexico. so i'm wondering, despite how education at the college level is so associated with liberalism and secularism and adopting democratic values in the west esp in north america, in the rest of the world, does education actually tend to make people more conservative and often alongside even more religious? esp in 3rd world countries such as morocco and nepal?",PoliticalDiscussion,negative,negative,negative,negative
1lkascm,politics,cnn anchors denounce trump’s ‘manipulative’ claims that questions over iran bombing are an attack on us military,politics,negative,negative,negative,negative
1opxbiz,politics,"discussion thread: 2025 us government shutdown, day 37 **live updates** r/politics is maintaining a [live updates page for the shutdown]( as are [usa today]( and [huffington post]( and [the guardian]( **news and analysis** - npr: [the federal government is still shut down. here's what that means across the country]( - nbc: [trump ramps up pressure on his own party to nix the filibuster as shutdown drags on | after meeting with trump, some republican senators appear more open to nuking the 60-vote filibuster rule. but gop leader john thune says, ""it's just not happening.""]( - cnn: [trump administration will reduce traffic at 40 airports across the us starting friday if shutdown continues]( **where to watch** all times us eastern you can find relevant streams on [c-span]( [pbs newshour's youtube channel]( [ap's youtube channel]( - c-span: [senate session - november 6, 2025]( (10 a.m.) - c-span: [speaker johnson holds news conference on day 37 of government shutdown]( (10 a.m.) - c-span: [democrats hold news conference on day 37 of government shutdown]( (10:45 a.m.) **announcement** we are currently accepting applications to be a moderator of r/politics. [apply here today!](",politics,negative,negative,negative,negative
1kn3qcu,PoliticalDiscussion,"why do people tend to become more and more conservative the older they get? fully aware that this is not true for all people...but generally speaking, i find that amongst my friends, family members and in some ways, even myself, we are all becoming more and more conservative the older we get (to varying degrees). i still don't count myself as a consevative, not even close, but i admittedly find myself more and more aligned with the right in regards to immigration, border enforcement, certain entitlement programs and gun rights now that i am a bit older. a couple of my friends have done a total and complete 180 and have gone from being bernie sanders supporters to hardcore maga in just the span of a few years...something i find equal parts perplexing and fascinating. so what do you suspect are the main causes for this rightward ideological shift that seems to be correlated with advancing age? and since they say with age comes wisdom, does that suggest anything about the validiity of the ideologies in any way? why is it that you rarely see the opposite, as in someone becoming more and more liberal and ideologically left as they get older? edit: i will also add that the one aspect that i have come to absolutely despise the most about the democrats is the absurd amount of requirements and red tape they place around government programs and government mandated business regulations...but instead of another personal anecdote, of which i have a few being a small business owner in california, i will simply point to ezra klein's appearance on jon stewart's podcast, where he breaks down the prerequisites required just to be eligible to receive the grant for rural broadband ​internet service from biden's build back better infrastructure legislation. [",PoliticalDiscussion,neutral,neutral,neutral,neutral
1rhf7ev,politics,iran vows ‘no leniency’ as it launches reprisal attacks on israel and us air bases,politics,negative,negative,negative,negative
1ntk4py,politics,"discussion thread: us senate session on september 29th, 2025 amid impending government shutdown the stream is scheduled to start at 3 p.m. us eastern. **news and analysis** - ap: [government shutdown draws closer as congressional leaders head to the white house]( - reuters: [us democrats, trump set to face off in budget battle that could trigger government shutdown]( - nbc: [government shutdown looms ahead of a high-stakes white house meeting | the government runs out of money at the end of the day tuesday, and the two parties remain far from an agreement to avert a shutdown.]( **live updates** text-based live updates are being provided by [ap]( [politico]( [cbs]( [the new york times]( and [the washington post]( **where to watch** - c-span: [senate session]( - pbs newshour via youtube: [senate resumes as trump meets with congress' leaders over possible government shutdown](",politics,negative,negative,negative,negative
1kyj1qe,Conservative,bronx public high school student arrested by ice,Conservative,negative,negative,negative,negative
1jekmok,PoliticalDiscussion,"how is trump getting away with everything? i’ve been following the trump situation for years now, and i can't wrap my head around how he's managed to avoid any real consequences despite the sheer number of allegations, investigations, and legal cases against him. from the hush money scandal to the classified documents case, to the january 6th insurrection — it feels like any other politician would have been crushed under the weight of even *one* of these. i get that trump's influence over the republican party and the conservative media machine gives him a protective shield, but how deep does this go? are we talking about systemic issues with the legal system, political corruption, or just strategic maneuvering by trump and his team? for context: 📌 trump was impeached *twice* — first for pressuring ukraine to investigate biden, and then for inciting the capitol riot — yet he was acquitted both times because senate republicans closed ranks. 📌 the classified documents case (where trump allegedly kept top-secret files at mar-a-lago) seemed like an open-and-shut case, yet it's been bogged down in procedural delays and legal loopholes. 📌 the new york hush money case involved falsifying business records to cover up payments to stormy daniels — something that would likely land an average citizen in jail — but trump seems untouchable. 📌 the georgia election interference case (pressuring officials to ""find"" votes) looks like outright criminal behavior, yet trump is still able to campaign without serious repercussions. 📌 trump's administration recently invoked the alien enemies act to deport venezuelan migrants to el salvador, directly defying a judicial order halting such actions. the administration argued that verbal court orders aren't binding once deportation planes leave u.s. airspace, a stance that has left judges incredulous. 📌trump's recent actions have intensified conflicts with the judiciary, showcasing attempts to wield unchallenged presidential authority. for instance, he proceeded with deportations despite court blocks, reflecting a strategy of making bold decisions and addressing legal challenges afterward. 📌 in a landmark decision, the supreme court ruled that presidents have absolute immunity for acts committed within their core constitutional duties, and at least presumptive immunity for official acts within the outer perimeter of their responsibilities. this ruling has significant implications for holding presidents accountable for their actions while in office it seems like trump benefits from a mix of legal stall tactics, political protection, and public perception manipulation. but is the american legal system really that broken, or is there some higher-level political game being played here? if you want to read more about these cases, here are some good resources: * [classified documents case – doj filing]( * [georgia election case – background]( * [stormy daniels hush money – nyt report]( * [january 6th capitol riot – house committee findings]( * [ * [ * [",PoliticalDiscussion,negative,negative,negative,negative
1pimhy8,PoliticalDiscussion,"how do you think social democracy and democratic socialism would work in the united states of america? to understand both of these ideologies, i will start by summarizing the distinctions between the two: 1. social democracy and democratic socialism while similar in alignment, historical roots, and are very different in end goals, and are not the same despite their similar names and characteristics. 2. this prompt is a question about how these ideas could be envisioned and carried out both practically and imaginatively in america, despite the lack of any chance of it coming soon in our lifetime or ever in this nation. i will now summarize the general but not universal distinctions between the two schools of thought as follows and ask you what you draw from them or could incorporate some main points and concepts in your own thinking to what you see as the best outcome. social democracy – social democracy is a political belief that supports capitalism but with guardrails. social democrats believe people should be able to own businesses and make profits, but they also think the government should step in to make sure things are fair for everyone. that means creating laws and programs that protect workers, support families, and reduce poverty. in a social democracy, the government doesn’t control the whole economy. instead, it makes rules to keep powerful corporations in check and provides essential services like healthcare, education, and housing. social democrats typically support: universal healthcare strong labor rights public education and infrastructure investment progressive taxation regulations that curb corporate excesses the idea is to make sure everyone has a fair shot at a good life, even if they weren’t born into wealth or privilege. these aren’t fringe beliefs, either. according to gallup, 57% of americans believe the government should ensure everyone has health coverage, and 43% think it should be a government-run system. ultimately, social democracy works within democratic systems, like voting and elections, to create change through reform rather than revolution. democratic socialism – democratic socialism is a political belief that goes further than social democracy. democratic socialists think the entire economic system needs to change to give ordinary people real power and shift control away from wealthy elites, big money, and major corporations. democratic socialists still believe in democracy, voting, and civil rights. but they also believe that the economy should work for everyone, not just the richest few. they often champion: public ownership or cooperative control of key industries like healthcare, energy, and housing worker-owned businesses and unions strong social welfare programs democratic governance of the economy in short, democratic socialists want to move beyond capitalism, not just make it more fair. they believe that true equality and freedom are only possible when people have both political rights and economic rights. what conclusions do you draw from this?",PoliticalDiscussion,neutral,neutral,neutral,neutral
1lvtmcm,politics,terrorism units reassigned to target student protesters: ice official,politics,negative,negative,negative,negative
1oimkas,PoliticalDiscussion,"what would a potential framework of a shutdown-ending aca deal look like? right now, republicans have said they don’t want to start aca negotiations until democrats agree to reopen the government. democrats have said they don’t want to reopen government until there’s a deal on what to do with the aca. eventually, one side will cave on the timing (which is not what this topic is about) but rather what the substance of that agreement might look like. the cost of fully extending the enhanced aca tax credits (originally passed during the 117th congress) is roughly $300 to $400 billion over the next decade, per the cbo. republicans have said they want to try to find pay-fors and ways to reduce the cost. proposals they’ve floated (as outlined by politico) include income limits, work requirements, abortion restrictions, ssn verification and other measures that are unlikely to be popular with democrats. they’ve also floated a 1-year extension and closing off the tax credits to new applicants, who technically wouldn’t face sharp spikes in insurance premiums if they were never enrolled in obamacare to begin with. the final legislation, assuming it doesn’t go through reconciliation, needs to be a product that 7 (or 8) senate democrats can accept in addition to all republicans (except rand paul), or all democrats plus 13 republicans. it’d also need to get through the gop-controlled house. what do you think is the framework of a deal that might be able to gather the necessary bipartisan support?",PoliticalDiscussion,neutral,neutral,neutral,neutral
1r9deq1,Conservative,watch principal lay down the law to students on anti‐ice walkout,Conservative,negative,neutral,negative,negative
1jye3b9,politics,florida district won't renew teacher's contract for using student's preferred name. dozens of students held a walkout to protest the school district’s decision not to renew the teacher’s contract after she used a student’s preferred name.,politics,negative,negative,negative,negative
1ri4jyt,politics,world leaders react to us and israeli strikes on iran,politics,neutral,neutral,negative,neutral
1pz0qlf,PoliticalDiscussion,"why do political systems keep working even when people say they don’t trust them? public trust in political institutions has been declining across many democracies, including the uk. polling often shows frustration with governments, parties, and parliaments, yet the systems themselves tend to remain stable and continue to operate. that gap raises an interesting political question. if people say they no longer trust political systems, why do those systems usually keep functioning anyway? possible explanations might include habit, lack of realistic alternatives, fear of instability, economic dependence, or a distinction between trust in individual politicians versus trust in institutions themselves. in the uk this tension has become more visible in recent years, but similar patterns appear in other democratic systems as well. questions for discussion: • does declining trust actually threaten democratic stability? • at what point does low legitimacy turn into real political change? • are modern democracies becoming more procedural than participatory? • when people comply with systems they distrust, is that consent or simply necessity?",PoliticalDiscussion,neutral,neutral,neutral,neutral
1jb3yzy,politics,"discussion thread: us senate session on march 14th, 2025 today's session is scheduled to start at 10 a.m. eastern. **news and analysis** - ap: [senate works to avert partial government shutdown ahead of midnight deadline]( - nbc: [chuck schumer says he won't block republican funding bill amid democratic divisions over shutdown strategy | schumer relented one day after he vowed senate democrats would thwart the ""partisan"" measure, saying the ""chaos"" of a government shutdown would be a worse option.]( - reuters: [us senate poised to pass republican stopgap spending bill, avert shutdown]( **live updates** text-based, live update pages are being maintained by the following outlets: [ap]( [nbc]( and [the washington post]( (soft paywall). **where to watch** - c-span: [senate session]( - pbs newshour via youtube: [senate convenes to consider gop budget as democrats divided over passage](",politics,neutral,neutral,neutral,neutral
1kt0jhs,PoliticalDiscussion,"administration cuts off harvard’s enrollment of international students. what does this move indicate about the future of education? the executive branch has recently ended harvard’s enrollment of all international students. it’s highly likely that this move is illegal. all pre-existing students must attend a different school or lose legal status in the states. international students are some of the brightest and most promising academics in the nation. if this move affects other universities in the nation, it could hinder the ability to conduct research across the nation. how does this affect the future of education in the states? what can we expect to be upcoming after this news?",PoliticalDiscussion,negative,negative,negative,negative
1rg4z1j,politics,"columbia student released after school says ice lied to access dorm, arrest her",politics,negative,negative,negative,negative
1jqz8aa,Conservative,high school teacher charged in murder-for-hire plot involving student paid to kill husband,Conservative,negative,negative,negative,negative
1q297py,politics,israeli government accuses mamdani of antisemitism over canceled orders | mayor zohran mamdani of new york canceled executive orders issued by his predecessor that had barred city agencies from boycotting israel and defined some criticism of israel as antisemitic.,politics,negative,neutral,neutral,neutral
1jzt8o0,PoliticalDiscussion,"in many federations (such as germany or belgium) & devolved countries (such as spain), the individual states often have distinct and unique political systems unique to them. would encouraging such a thing help to make other federations like the usa more able to deal with less democratic features? eg the electoral college, amendments, and senate. they award power basically in the federal arms in ways that don't reflect the idea of a single voter having equal power regardless of where they are. it might however be less of a problem if the states making them up were particularly distinct, so that even someone who might technically be a member of the same party would be very different from someone in another state in the same party. in some of these states, they might have entirely different politcal parties, like the catalan and basque parties, northern ireland, scotland, and wales' respective parties with their own flavours, quebec's bloc quebecois/parti quebecois (centrist nationalists), coalition avenir quebec (centre right), and quebec solidiare (socialist), and in belgium, 90% of the seats in the national parliament do not belong to parties that cross the boundaries of the two states. bavaria as well has the christian social union where the other states do not. the idea of a senate might make a lot more sense if perhaps a senator had to garner support from the myriad of forces in their own state to win their election with it being much less relevant how the party of that senator is doing anywhere else. the idea of changing the constitution with three-quarters of states ratifying them might make a lot more if each state could go either way depending on the forces in politics unique to them without much regard for how many states happen to have majorities for one party or another. i don't know what this does for the electoral college though, but in principle you could divide the electors so that if one candidate got 1/3 of the vote and they had 9 electors then the candidate gets 3 electors from that state. do you think this might make those less democratic features more tolerable?",PoliticalDiscussion,neutral,neutral,neutral,neutral
1omx513,PoliticalDiscussion,"should gambling be legal (and how much)? much like drinking and recreational drugs, gambling is a form of entertainment that many people partake in. just shy of [two thirds of canadians]( and just [under half of americans]( participated in a form of gambling according to survey data, and i'm not surprised. between casinos, lottery tickets and scratchers, sports betting, stock trading, and even things like loot boxes in kids games, there are a lot of different ways that gambling has become an almost integrated part of society. canada and the us are similar as well in that gambling is regulated on a state level; even as early as 2017, it was federally banned in the us except for nevada. in the last 8 years however, since the [supreme court ruling ]( overturn existing laws prohibiting states from legalizing gambling, 37 more states have joined nevada in legalizing sports betting. but i bet most people didn't even really notice this change. after all, sports betting is only one small facet. stock trading has been legalized almost since the inception of the country, something that many consider to be a form of gambling (although many do not, so i won't make it a focal point of my argument). state lotteries have been legal for 80+ years, and even interstate (\*not\* federal, technically) lotteries like powerball and mega millions have been famous for decades. [even loot boxes]( in videogames, more commonly known in the sub-genre of *gacha* games\*,\* have existed in some form since 2007, in which players can purchase a randomized reward boxes with pre-weighted outcomes. meta studies have found loot boxes to be significantly similar to gambling, however they have evaded regulations by existing within skill based videogames, and because ""[items won do not have a real world monetary value]( something entirely undercut by the existence of secondary markets where players can sell their winnings to other players (this market cap for games like [cs:go was $6bn]( before a patch reduced the market cap by 50% within hours). this evasion of regulation is especially important, as many of the games with loot box mechanics are playable and advertised to children well under the legal age of 21. some strong advocates for gambling make relatively strong arguments in favor of it; gambling was legalized in casinos in nevada in 1931 as a way to generate income for the state. this is cited as one of the reasons pulling nevada out of the depression, but from what i can tell that depression was mostly [ended due to the start of world war ii. ]( have also been used as a form of state revenue for things like education since 1964, however recent studies show that [spending on education has actually dropped or remained stagnant in 21 of the 24 states]( that had legalized it at the time. because of the fluidity of state budgets, as the additional funding was given to schools from lotteries, additional tax dollars were removed from state education from other sources like corporate or property taxes. the other major point is that much like the legalization of drugs, alcohol, and prostitution, it undercuts the illegal markets ability to function and fund criminal activity, while delivering on a concept of freedom that is claimed to be the cornerstone of north america. those who want to continue to keep gambling illegal cite not just the counterarguments given, but also the impacts gambling has on problem gamblers. roughly 1-3% of adults in north america are problem gamblers, and [50% of gambling addicts have committed a crime]( to fuel their addiction. [bankruptcy rates rise as much as 10%]( within the first two years of legalization, and people who gamble were found to invest less in actual investments like savings accounts. all of this combined means the future of both gamblers and their communities spirals downwards, as crime rates go up and impact those around them. [86% of profits these companies make come from just 5% of gamblers]( meaning these companies rely on these problem gamblers to maintain profits (and continue funding the [$2bn in advertising ]( do). the ease of accessibility for people to gamble, especially for those under age or at high risk of being problem gamblers, actively hurts not just those engaging in the activity, but those around them. gambling is fun for most people, and often harmless. but the practices gambling companies have taken, like making more bets easier to place in a rapid time, or offering free money to entice people who would otherwise not be gambling, and marketing to people underage to gamble, means it's likely time to revaluate what the rules are around doing it. do you think we should go back to gambling being illegal almost entirely, similar to prostitution, seeing that it has had minimal tangible benefits and severe drawbacks? should we allow it in limited doses and within regulations, similar to recreational drugs? should we legalize it almost entirely like alcohol? where do you stand on legalization surrounding gambling, sports betting, and gaming practices like loot boxes? what do you take issue with, and what should we be doing about it?",PoliticalDiscussion,neutral,neutral,neutral,neutral
1jdo7p2,PoliticalDiscussion,"did senate democrats just hand trump a victory, or save the party from itself? last friday, democratic leaders in the u.s. senate and a several others within their caucus, voted for a [republican-led funding bill in order to avert a shutdown]( of the federal government. ten senate democrats voted for the bill, allowing the bill to pass, 62-38, and be sent to president trump for his signature. [congressional democrats had received pressure]( from their supporters to vote against the bill and be willing to let the government shut down in order [to highlight the republican party's policies, preserve federal programs, and affirmatively place limits on the trump administration's abiility to make unilateral decisions. ]( earlier in week, [senate minority leader chuck schumer (d-ny) told reporters]( >""if we go into a shutdown, and i told my caucus this, there's no offramp. how you stop a shutdown would be totally determined by the republican house and senate, and that is totally determined, because they've shown complete blind obeisance, by trump."" currently, republicans control both chambers of congress, as well as the presidency. mid-term voters have typically registered dissatisfaction with the federal government by curtailing the power of then current majorities, particularly when the president's party holds a majority of the seats. after friday's vote, schumer further explained that he, along with several other democrats, gave assenting votes because they were concerned that voters would blame the democratic party for the shutting down of the federal government or partly attribute the dysfunction of the federal government to actions their party has taken. questions: **how attainable were some of the concessions that democratic voters expected their leaders to extract in exchange for their votes?** a [recent nbc news poll]( showed that 65% of democratic voters wanted democrats in congress to ""stick to their positions even if this means not getting things done in washington."" **why did many democratic voters think that senate democrats holding firm during a shutdown standoff was worth risking the democratic party's prospects for retaking the house?**",PoliticalDiscussion,neutral,negative,neutral,neutral
1ra3fyh,politics,new jersey students who walked out to protest ice face disciplinary action,politics,negative,negative,negative,negative
1n415bq,PoliticalDiscussion,"why has it been so difficult for democrats to get ""over the hump"" in north carolina? north carolina was a comfortably red state in both of george w. bush's election campaigns. then, barack obama won it by a very thin margin in 2008. at the time, i remember a lot of observers lumping it in with virginia, a state that also had previously been pretty (though less) safely red in the bush years as emblematic of the emerging democratic coalition. yet, after that election, the two states went in different directions, with virginia becoming solidly blue and voting for the democrat by fairly decisive margins, even in the elections where dems lost overall (ex. harris won by 5%, meaning the state voted 6.5% to the left of the country). meanwhile, north carolina, while remaining very close (every election's margin has been about 3% or less), has always voted republican. even looking beyond presidential results, the same holds true--dems have lost every senate race there since 2008, even in relatively favorable national environments like 2020. they have done better at the gubernatorial level, but it still begs the question of why that success hasn't translated to federal races. what's going on here? north carolina's fast growing educated suburban population seems like a great fit for democrats current coalition in the trump era, yet they seem to be stuck in neutral. and, before someone says voter id laws, while i'm sure that has played a factor, arizona and georgia also have pretty stringent voting requirements and that hasn't stopped democrats from breaking through federally in those places.",PoliticalDiscussion,neutral,neutral,neutral,neutral
1jp9yx3,politics,"megathread: senator cory booker sets all-time us senate speech length record in protest against trump administration today, at 7:19 p.m. us eastern time, senator cory booker set the all-time record for a marathon speech protesting many different aspects of the second trump administration. the speech's formal status as a filibuster is debatable because, [as npr noted]( ""that's not technically what booker's speech is, since he is not trying to block a specific bill or nominee"". the senior senator from new jersey has so far yielded to multiple questions from senate colleagues over the course of the speech. you can read more about filibusters [here on the us senate's site]( you can find this subreddit's [live discussion thread on the speech here]( you can watch the speech [here on pbs newshour's youtube channel]( and find other information about it on [the wikipedia page for the speech]( which is still ongoing at the time of posting. the previous senate speech length record was held by [strom thurmond]( at the time a democrat from the state of south carolina, attempting to block or delay passage of the [civil rights act of 1957]( --- #articles that may interest you | submission | domain | |-----------------------------------------------------------------------------------------------|-------------------| | [live updates: sen. cory booker’s senate speech in protest of trump]( | apnews.com | | [cory booker's anti-trump speech on the senate floor nears record 24-hour mark]( | npr.org | | [cory booker breaks record for longest known senate speech, beating strom thurmond]( | usatoday.com | | [cory booker sets a record with marathon senate speech. will it rally anti-trump resistance?]( | | | [sen. cory booker breaks senate record for longest floor speech set by strom thurmond in 1957]( | cnn.com | | [senator cory booker speaks for record time on senate floor, criticising trump and musk]( | abc.net.au | | [so long, strom: cory booker breaks thurmond’s senate record with 24-hour speech]( | politico.com | | [cory booker condemns trump’s policies in longest senate speech on record]( | nytimes.com | | [booker sets record for longest senate speech in history]( | thehill.com | | [cory booker breaks record for longest speech by us senator in trump condemnation]( | theguardian.com | | [cory booker's anti-trump protest breaks record for longest senate floor speech]( | msnbc.com | | [cory booker breaks modern record for longest speech from senate floor]( | washingtonpost.com | | [cory booker just gave the longest speech in the history of the us senate]( | talkingpointsmemo.com | | [booker’s speech tops 350m likes on tiktok live]( | thehill.com |",politics,positive,positive,positive,positive
1ol4p51,PoliticalDiscussion,"how are the extrajudicial blow ups of drug boats different from using the cia to kill foreign enemies? trump's use of the military to target drug boats to blow them out of the water literally has been criticized as improper and unjust where normally drug smuggling is considered a criminal offense, not a target of military engagement. critics have said that since we aren't at war with the nationals who are on the drug boats, if they are actually drug smuggling, that by killing the occupants instead of trying to capture them and criminally try them, the trump administration has unlawfully been killing another country's nationals without proper justice. however, the us has historically also used the cia and other covert operations to target and kill its enemies who we also haven't necessarily formally declared war on, particularly during the cold war. it was routine for our operatives to try to kill or take out people who we didn't like covertly, even if we didn't formally acknowledge doing so. this is the whole presumption of the spy thriller genre of fiction which is based in reality of extrajudicial killings. how is what trump is doing any different other than not being covert about america's intentions?",PoliticalDiscussion,negative,negative,negative,negative
1rhaemb,politics,what we know about the us-israeli attack on iran and tehran’s retaliation,politics,neutral,neutral,neutral,neutral
1qvqzbq,politics,"‘this rogue agency should not receive a single penny,’ progressives say of ice as trump signs funding bill",politics,negative,negative,negative,negative
1lhl9ja,politics,"discussion thread: us defense secretary hegseth and chairman of the joint chiefs caine hold press conference after us bombing of iran us defense secretary hegseth and chairman of the joint chiefs dan caine are scheduled to hold a press conference starting at 8 a.m. us eastern about last night's us bombing of several iranian nuclear sites. you can find this subreddit's [megathread for those events here]( and the [discussion thread for president trump's remarks following the bombing here]( **news and analysis** - ap: [us has struck 3 iranian nuclear sites, trump says, joining israeli air campaign]( - npr: [the pentagon is set to hold a briefing after u.s. strikes iran]( - cbs: [pentagon to hold briefing on u.s. strikes on iran nuclear sites]( - cnbc: [u.s. enters war between israel and iran]( **live updates** relevant, text-based live update pages are being maintained by the following outlets: [ap]( [reuters]( [cnn]( [nbc]( [abc]( [](), [the independent]( [the guardian]( [the telegraph]( [the washington post]( and [the new york times]( **where to watch** - defense.gov: [hegseth, caine brief media]( - pentagon via youtube: [secdef hegseth, cjcs caine brief media](",politics,neutral,neutral,negative,neutral
1nw14kx,politics,"discussion thread: 2025 us government shutdown, day 2 **live updates** r/politics is maintaining a [live updates page for the shutdown]( additional text-based live updates are being provided by [ap]( [cbs]( [nbc]( [usa today]( [the independent]( **news and analysis** - ap: [trump uses government shutdown to dole out firings and political punishment]( - abc: [what's next with shutdown after senate again fails to pass bills aimed at funding government?]( **where to watch** you can find relevant streams on [c-span]( [pbs newshour's youtube channel]( [ap's youtube channel]( - c-span: [speaker johnson & other house gop leaders on day 2 of gov't shutdown]( (alternately, find it [via pbs newshour on youtube]( - c-span: [u.s. senate - 2025-10-02]( (or find it [via pbs newshour on youtube]( at noon eastern.) - pbs newshour via youtube: [jeffries holds news conference as shutdown stretches into 2nd day]( (scheduled to start at 3:30 p.m.) **announcement** we are currently accepting applications to be a moderator of r/politics. [apply here today!](",politics,negative,negative,negative,negative
1qmpg51,PoliticalDiscussion,"what is the most likely democratic response to ice once democrats regain federal power? for several years, debate within the democratic party over u.s. immigration and customs enforcement has been split between reform and abolition. early on, many moderates pushed back on “abolish ice” as rhetorically potent but politically risky, favoring narrower reforms like oversight, leadership changes, or jurisdictional limits. more recently, however, polling and activist pressure appear to be shifting that balance. [support for abolishing ice, or at least fully dismantling and replacing it, increasingly shows up as a mainstream position within the democratic coalition rather than a fringe demand]( this raises a practical question about what actually happens if and when democrats regain unified control of the federal government. some possibilities that get discussed include: * full abolition of ice, with immigration enforcement folded into other agencies like cbp or doj. * partial dismantling, such as eliminating enforcement and removal operations while retaining investigative functions. * structural replacement, creating a new agency with a narrower mandate and stricter statutory limits. * symbolic or leadership-focused reforms that leave the agency largely intact. given how institutions tend to behave once they exist, and how difficult it is to unwind federal agencies in practice, what do people here think is the most realistic outcome? is “abolish ice” likely to translate into actual abolition, or does it function more as a pressure tactic that results in narrower reforms once democrats are governing again?",PoliticalDiscussion,neutral,neutral,neutral,neutral
1o3gaft,PoliticalDiscussion,"is idaho’s new qatar air force facility a smart alliance—or another example of misplaced trust? fox news’ pete hegseth recently announced that qatar will fund new facilities for its pilots to train at mountain home air force base in idaho. the news instantly blew up online—some on the right called it a “muslim invasion,” while some on the left claimed it was trump’s payback for past business favors. the reality, though, is more complicated. qatar already hosts one of america’s largest overseas military bases, al udeid, which protects vital shipping routes and u.s. interests in the persian gulf. they’ve also played a key role in brokering the recent israel–hamas peace deal. this new idaho facility is under u.s. control, just like the existing singapore air force training program, which has been in place since 2008. still, the debate raises tough questions: * should the u.s. be deepening partnerships with nations that once funded groups tied to extremism? * is this a sign of progress—turning former adversaries into allies—or of naïveté? * how do we separate fact from rage-bait when social media narratives on both sides distort the story?",PoliticalDiscussion,neutral,neutral,neutral,neutral
1jszrx7,PoliticalDiscussion,"have the results of this decade's foreign conflicts been a net gain or net less for the u.s. and nato? this is a difficult question to phrase without it sounding like hoi4, so i'll elaborate. we're about halfway through the 2020s now, and in the last five years there's been a lot of significant foreign policy developments across the world; \- the afghan government fell to the taliban \- russia invaded ukraine, resulting in a prolonged battle for control over the eastern portion of the country. \- the democratic government in niger was overthrown by a military junta, resulting in the french and u.s. withdrawal from the country replaced by an increased russian presence, and also threats of military intervention by ecowas leadership. \- hamas attacked israel, resulting in prolonged counter-insurgency war in gaza against hamas, as well as israeli operations in southern lebanon to combat hezbollah. \- the assad regime was fully defeated in just a few weeks, resulting in syria now being led by hts, and israel destroying a large amount of the defunct assad regime's military assets. these weren't the only foreign conflicts (like not remotely) that have occurred in this decade, but those ones are definitely the most significant in the context of bipolar geopolitics (the u.s/nato vs russia, china, and iran). so given those results, which side has seen more of a net gain in terms of geopolitical prominence?",PoliticalDiscussion,negative,neutral,negative,negative
1pou1ib,politics,trump issues new warning to israel over its actions in syria,politics,negative,negative,negative,negative
1o1ck7x,PoliticalDiscussion,"could riots lead to “plenary authority”? tl;dr: riots or widespread violence could give the federal government legal grounds to invoke the insurrection act, potentially removing one of the last independent checks on executive power and giving trump what his advisers have called “plenary authority” over the military (as referenced by stephen miller on cnn, oct 2025 could riots eliminate the last effective check on executive power and lead to “plenary authority” over the military? in donald trump’s second term, we’ve seen an expansion of executive power and a growing willingness to use the national guard in domestic situations. none of that is illegal, but it does edge closer to the line separating civilian and military authority, a line meant to keep power balanced. normally, several checks and balances exist to prevent overreach: • judicial oversight • congressional control • independent federal agencies like the doj or fbi • state and local governments who control their own national guards and police forces right now, most of those checks are under tight republican control including a supreme court majority (6-3), control of congress (senate 53-45 and house 219-214) and key agencies (dow led by pete hegseth and fbi led by kash patel). that alignment doesn’t automatically mean abuse of power, but it does mean fewer internal barriers to centralized decision-making. that leaves state and city governments as some of the last practical checks on federal overreach. but tensions between state and federal authority, especially around immigration and public safety, are already testing how much independence governors and mayors really have. under normal circumstances, the posse comitatus act prevents federal troops from engaging in domestic law enforcement. it’s one of the few remaining bright lines between the military and civilian life. but the insurrection act can override it. if unrest or riots are declared an “insurrection,” the president can lawfully overrule the posse comitatus act and deploy active-duty troops inside the u.s., bypassing state and local resistance. that’s why widespread rioting would be especially dangerous right now: it could provide the legal and political pretext to invoke the insurrection act — temporarily suspending the limits that keep military power in check. yesterday, stephen miller on cnn stated that the administration won a case to federalize the ca national guard and “under title 10 of the u.s. code, the president has plenary authority” before cutting himself off. title 10 describes the responsibilities and control of the us military and “plenary authority” means full, unchecked power. to be clear, a full “military takeover” is extremely unlikely. the u.s. still has multiple layers of accountability. but the more unrest there is, the easier it becomes to justify extraordinary measures that concentrate power in the executive branch. so even in tense times, the safest and most democratic path remains peaceful protest, civic engagement, and restraint. please do not resort to violence.",PoliticalDiscussion,negative,negative,negative,negative
1p6gv8j,politics,texas education chief met with turning point usa to discuss group’s expansion in high schools | the meeting happened days before lt. gov. dan patrick pledged $1 million to help establish chapters of the conservative student group on every texas college and high school campus.,politics,neutral,negative,neutral,neutral
1m0ghri,politics,how ice’s arrest of a high school student activated a massachusetts town,politics,negative,neutral,negative,negative
1lw8jwm,politics,"pro-israel website was used to find names of student protesters to investigate, senior ice official says",politics,negative,negative,negative,negative
1oigleg,politics,"we are the team behind vote early day, a national, nonpartisan day of action for our democracy! today is #voteearlyday, and we want to help every voter understand their options for voting early in person or by mail. ask us anything! **about bryce bennett:** bryce bennett is a nonprofit leader and former legislator dedicated to making democracy more accessible for all americans. he started his career registering voters in rural communities, often braving harsh weather to ensure every voice was heard. for over a decade, bryce worked with organizations like forward montana and montpirg, training and empowering young people to become civic leaders. his efforts have earned him recognition for building high-impact teams and growing grassroots movements that punch above their weight. in 2010, bryce was elected to the montana house of representatives at just 25, becoming the youngest member of that session and the first openly gay man elected to the montana legislature. he later served in the state senate and ran for secretary of state in 2020, using his platform to champion secure and accessible elections. recognized nationally by *the advocate* and *out* magazines, and honored as “legislator of the year” for his work on campaign finance reform, bryce now leads *vote early day*, a national initiative that brings together nonprofits, businesses, and election officials to help americans vote early and with confidence. **about juliet beckstand:** juliet is an attorney who has spent her career protecting voting rights and civil rights through advocacy, legal practice, and government work. she joined vote early day after managing the national voter assistance hotline, where she directed a nationwide, nonpartisan voter assistance program during the 2024 presidential election. previously, she co-developed *vote save america,* a voting rights initiative that reached millions of voters, trained thousands of volunteers, and raised millions of dollars ahead of the 2020 election. *vote save america* was a 2021 webby honoree for best activism website, a category honoring sites facilitating civic participation and social change. juliet earned her j.d. from the american university washington college of law, where she focused on voting rights and voter protection. she conducted significant legal work at several civil rights organizations and government institutions—including the lawyers’ committee for civil rights under law’s voting rights project, the leadership conference on civil and human rights, the united states senate judiciary committee, and the department of justice’s civil rights division. she began her career in the united states senate after receiving her b.a. from wake forest university. juliet is passionate about protecting the right to vote and advancing vote early day’s mission of ensuring that every voter has the information, support, and ability to cast their ballot. [**proof - bryce bennett and juliet beckstrand**]( \----------- when americans vote early, busy schedules, long lines, or confusing rules can’t stop us from casting our ballots. voting early rules vary widely across the country, and we want to make sure you have all the answers you need to vote early and celebrate with us tomorrow. we will be answering all your questions about #voteearlyday and how to #voteearly, starting at 3 pm et / 12 pm pt! we’d also love to know if you’re planning to vote early in your upcoming elections, and why you decide to vote early. look up the options to vote early in your state here: [ learn more about vote early day on our website: [",politics,positive,positive,positive,positive
1p26uwh,PoliticalDiscussion,"with virtually unanimous support from the us house and senate to release the epstein files, can the enormous numbers be interpreted as an attempt by other-branch-of-government republican politicians to break from a deeply controversial and unpopular president? after substantial delays and increasing political pressure, the two executive branches voted overwhelmingly to release the epstein files, which are suspected of containing substantial amounts of evidence and names of elite people, including american politicians, who knowingly engaged in illegal activities that potentially included sexual interaction with underage females. in the house, 427 members voted for the release, one voted against the release, and 5 did not vote. that translates to 98.6% in favour. in the senate, a vote was not held, instead permission was sought for and received that the bill from the house was to be accepted fully and without any vote required. as part of that process, any senator could have forced a vote, but none did, meaning none of one hundred senators voted against the release. of note to this question: in recent weeks the files had become a source of friction within the republican party, with some politicians loudly requesting their release despite the party leaders' clear desires to withhold them. several days prior to the vote, over social media, donald trump reversed his opinion, and requested that republican members vote for their release. further, there may be remaining ways to still block the files' release, and/or redact from their full content. even with these considerations, the one-sidedness of this vote is extraordinary. and that raises a question: given the sinking popularity of donald trump in the polls, the size of this story in the media, and the incredible amount of controversy that his presidency has generated, **could the republican senators and representatives have voted so overwhelmingly to release the files because it was a relatively low-risk way to protest and distance themselves from a president who is becoming deeply unpopular, and the release of the files might hopefully contribute to his removal?** if so, are there other signs of a growing schism in the republican party? (note: i realize this question calls for speculation.)",PoliticalDiscussion,negative,negative,negative,negative
1jvseel,PoliticalDiscussion,"""new pew survey: a majority of americans fear negative effects of tariff increases on the usa"" what do you think that? url: although trump has been president for less than a hundred days, the trump administration's policies have recently aroused widespread heated discussions. i would like to know your views on trump’s tariff policy. at present, there is a high risk of stagnation in the trade relations between china and the united states. and we all know that chinese industrial products can be seen everywhere in our daily lives. but with the implementation of the tariff policy, will it lead to inconvenience in daily life of ordinary people? will it lead to long-term price increases? can trump's policies return manufacturing to the united states as he wishes?will trump's tariff policy turn around? where will china-us relations go in the future?",PoliticalDiscussion,negative,neutral,negative,negative
1nm4foy,Conservative,the florida department of education released this statement warning teachers that they can and will be fired for celebrating charlie kirk's murder.,Conservative,negative,negative,negative,negative
1op6nff,PoliticalDiscussion,"given the escalating us military buildup in the caribbean, what are realistic scenarios for regime change in venezuela and their broader geopolitical implications? the trump administration has deployed roughly 10,000 troops to the caribbean alongside multiple warships and f-35s, representing the largest us military presence in the region since the 1994 haiti intervention. over the past two months the us has conducted strikes on what it claims are drug trafficking vessels, resulting in over 60 deaths. trump recently stated on 60 minutes that maduro's ""days are numbered"" though he stopped short of confirming ground operations. meanwhile maduro has requested military support from putin including air defense systems and restoration of previously purchased sukhoi fighters, according to documents obtained by the washington post. russia has historically backed maduro (as they did during the guaidó crisis in 2019) but their capacity to provide substantial support is questionable given ukraine. what strikes me as interesting is the disconnect between the administration's actions and stated objectives. the us frames this as anti-narcoterrorism operations, invoking maduro's 2020 indictment, but the scale of deployment suggests something more significant. at the same time trump explicitly denied planning war when asked directly. a few questions i'm trying to think through: what does a realistic endgame look like here? the 2019 guaidó attempt failed largely because the venezuelan military stayed loyal to maduro. has anything fundamentally changed that would make military defection more likely now? how does this play domestically in venezuela? maduro only got around 30% in last year's election according to opposition tallies, but nationalist sentiment during foreign intervention could complicate things even though polymarket are pricing in a roughly 60% chance maduro leaves power by march 2026. what are the regional implications if this does lead to regime change? would it embolden similar actions elsewhere in latin america, or does venezuela's unique situation (oil, proximity, existing indictment) make this a one off?",PoliticalDiscussion,negative,negative,negative,negative
1pcae4r,politics,"discussion thread: december 2, 2025 elections per [ballotpedia's elections calendar]( the main elections concluding today are: scattered local elections in iowa; florida local elections; georgia local elections, including in atlanta; three state legislative seats in mississippi; jersey city and newark have runoff local elections; rhode island's local elections; and south carolina's local elections. the most-watched election today, however, will likely be the special general election to fill tennessee's seventh congressional district. **news and analysis** - usa today: [who’s running in the tennessee special election? meet the candidates | tennessee's 7th congressional district has become competitive after polling tightened between republican matt van epps and democrat aftyn behn.]( - tennessee lookout: [in final days of middle tn house election, national gop goes to franklin | u.s. house speaker mike johnson headlined a group of speakers at a franklin event for matt van epps, aftyn behn campaigns in clarksville]( - ap: [ap decision notes: what to expect in tennessee’s special congressional election]( **live updates** text-based live updates are being maintained by the following outlets: [the independent]( [nbc]( and [ap]( **results** - news nation now: [tennessee 7th district special election results 2025]( - rhode island: [special elections charlestown town council, north providence town council district 2, providence city council ward 2]( **where to watch** - nbc via youtube: [live: kornacki cam - see steve kornacki analyze tennessee special election results | nbc news](",politics,neutral,neutral,neutral,neutral
1jbjkw9,PoliticalDiscussion,"could trump be a litmus test on the constitution and the american system as a whole? if donald trump promises to take unconstitutional actions (claims that can be easily verified) within his first few months in office, could these actions serve as a litmus test for the resilience of the rule of law? for example, imagine he imprisons someone for their speech without evidence that it violates any legal statute. if such an action is deemed unconstitutional by the courts, it could demonstrate that our system remains robust, capable of upholding checks and balances and maintaining an even separation of powers. more broadly, could this provide a reasonable way to assess whether the u.s. system of governance is successful in practice? edit: people are proving my point, trump represents a test to the system, this time much more strong. to see if it breaks down completely.",PoliticalDiscussion,neutral,neutral,neutral,neutral
1nuenjy,politics,"discussion thread: senate events as government shutdown looms on september 30th, 2025 **news and analysis** - ap: [us government on brink of first shutdown in almost 7 years amid partisan standoff in congress]( - ap: [what will happen if there’s a government shutdown at day’s end]( - abc: [the us government may shut down at midnight. here's what to know]( **live updates** r/politics is maintaining [a live thread for the shutdown]( text-based live updates are also being provided by [ap]( [nbc]( [cbs]( [cnn]( [politico]( [the new york times]( and [the washington post]( **where to watch** all times us eastern. - pbs newshour via youtube: [senate gavels in as congress speeds toward shutdown deadline]( (10 a.m.) - pbs newshour via youtube: [senate democrats hold news conference as government shutdown deadline looms]( (2 p.m.) - pbs newshour via youtube: [senate republicans hold news conference as government shutdown ticks closer]( (2 p.m.)",politics,negative,neutral,negative,negative
1lyd2ym,PoliticalDiscussion,"why did biden double down on trump's broad (rather than obama's targeted) china tech sanctions? while biden's rhetoric greatly diverged from trump's, their posture towards china paralelled, if not mirrored, each other's. unlike the obama administration, the [biden administration intensified]( tech sanctions on china and expanded controls on, both, the export and import of a spectrum of components, equipment, devices, and products. >biden also fell into this trap of privileging politics above policy. despite criticizing trump’s tariffs against china during the 2020 campaign for harming american families, biden caved to political pressure after entering office. he not only sustained trump’s tariffs but added to them throughout his tenure. —[ryan hass]( [export controls]( * high-bandwidth memory * chip design software * fabrication equipment >in the immediate aftermath of the first rounds of chip export controls, it was evident that they were having a number of effects: the implementation of controls significantly disrupted china’s semiconductor ecosystem, causing price spikes for some device types and forcing workforce reductions. however, as noted, the restrictions also prompted china to implement an all-out, government-backed effort to improve the country’s self-sufficiency in all aspects of semiconductor design and production, an effort that has already resulted in a number of startling achievements. —[sujai shivakumar]( [import controls]( * medical products * lithium-ion batteries * semiconductors * solar cells * critical minerals * electric vehicles in addition, the biden's administration [blacklisted]( over 130 chinese entities and finalized controls that [blocked u.s. capital ]( into china's tech sectors. why did biden double down on trump's broad (rather than obama's targeted) china tech sanctions?",PoliticalDiscussion,negative,negative,negative,negative
1nkikq7,Conservative,a high school student wore a maga hat to honor charlie kirk – this is how the school reacted,Conservative,negative,negative,negative,negative
1ld9zuf,PoliticalDiscussion,"president trump abruptly cut short his meeting at g7 and is on his way back. white house added due to circumstances in the middle east and trump will be in the security room meeting the chiefs. our tankers and air craft carrier is also on its way. are we about to enter into a direct war with iran? trump additionally noted via tweet for all iranians to leave tehran \[capital of iran\], warning that he had earlier stated for iran to make a deal. press secretary karoline leavitt, in a [post on x]( said that “much was accomplished” during trump’s meetings on monday with other leaders at the summit in canada. but, she continued, “because of what’s going on in the middle east, president trump will be leaving tonight after dinner with heads of state.” the change of plans only added to the sense of uncertainty around israel’s ongoing military operation in iran, which trump seemed to warn was about to intensify in an ominous and somewhat cryptic social media post after a day of meeting with world leaders. are we about to enter into a direct war with iran? [",PoliticalDiscussion,negative,negative,negative,negative
1jc3dvi,politics,trump orders strikes on iran-backed houthi rebels in yemen and issues new warning,politics,negative,negative,negative,negative
1r3b223,politics,students lead walkouts at three northwest indiana high schools to protest ice,politics,negative,neutral,negative,negative
1rb0cbm,Conservative,praise rolls in for high school suspending hundreds of students over anti‐ice walkout: 'adults are taking charge',Conservative,positive,positive,positive,positive
1kaq1eq,politics,"it’s president trump’s 100th day in office. we are journalists from six newsrooms reporting extensively on the new administration. ask us anything. **edit: we're all wrapped up! thanks all - especially the mods - for a great hours-long session. your questions mean a lot to us and help inform our reporting processes. appreciate you all taking the time to join us today. till next time!** hello r/politics! yahoo news, the associated press, nbc news, reuters, the washington post and usa today are all here for an extended ama session. we’re here to answer all your questions related to the first 100 days of donald trump’s second presidential term. ***here’s who will be answering questions today between 12 p.m. and 4 p.m. et. ask us anything!*** * **andrew romano, yahoo news**: as national correspondent for yahoo news, i’ve been covering trump’s tariffs, deportations and efforts to slash the federal bureaucracy via doge. i’ve also been putting together our monthly polls with yougov to track public opinion on the president’s second term. * [more americans say trump’s second term has been worse than expected, according to a new poll]( * [most americans think judges should be able to stop trump from deporting people, according to a new poll]( * **aaron blake, the washington post:** aaron blake is [senior political reporter]( at the washington post who focuses on the trump administration, campaigns and congress. a minnesota native, he has also written about politics for the minneapolis star tribune and the hill newspaper. **edit: thank you so much everything for coming out today. there were tons of good questions. i think i even got some good reporting targets out of this. have a great week! (and** [**in the meantime, you can follow me on x here:** **u/aaronblake**]( * **andrea shalal, reuters:** i report on the white house, global trade and economics, the imf and the world bank for reuters. for over three decades, i've reported from europe, the united states and occasionally the middle east, covering the fall of the berlin wall, german reunification and politics, a host of u.s. elections, opec, energy and the environment, global arms sales, as well as politics, the arts and civil rights. for fun, i enjoy outdoor activities, including kayaking and camping, and facilitate a recurring gathering of german speakers in the washington area. **edit:** **wow - you all had such interesting questions!! many thanks for the opportunity to engage**, **and please stay in touch. i’d love to continue the dialogue. please follow me on x via**[ u/andrea\_shalal ]( you also can read more of my work at**[ ]( aps** * **darren samuelsohn, usa today:** i’m the white house, congress & campaigns editor at usa today. i oversee our team responsible for covering the trump administration, as well as all things capitol hill and in politics across the country. i've been a reporter and editor in washington, d.c., since the end of 2000 and am originally from south florida and chicago. i'm also a former golf caddy, taxi driver and long ago danced in the chuck e. cheese costume too. **edit: many thanks for the opportunity to answer your many great questions. we live in fascinating times. please follow me on x via** [**u/dsamuelsohn**]( **and you also can read more of my work at** [**lovejournalism.com**]( * **allan smith, nbc news:** i am a national politics reporter focused on enterprise covering the trends, campaigns, people and ideas shaping politics and policy in the u.s. the 2024 cycle was my third presidential campaign, and i have spent years reporting on donald trump, the american right and several key battleground states — including my native pennsylvania — that have shaped policy and political discourse in the country. i've covered national politics since 2015, graduated from ohio university and am originally from pittsburgh (i'm always down to chat about the bucs, pens or steelers!) **edit: thanks everyone for your questions! i'm** u/akarl_smith **on x and be sure to follow** u/nbcnews **on social.** * **chris megerian, associated press**: i’m a white house reporter covering my second donald trump presidency. i previously worked for the los angeles times in washington and california, as well as the star-ledger in new jersey. i grew up in the boston area and went to college at emory university in atlanta. when i’m not chasing the news, i’m trying to keep up with my two kids. **edit:** **thank you to everyone for your questions! feel free to follow me at** [u/chrismegerian]( **and please keep an eye on** [**apnews.com**]( **for around-the-clock white house coverage.** **proof:** *darren samuelsohn:* [* *allan smith:* [* *andrea shalal:* [* *aaron blake:* [* *chris megerian:* [* *andrew romano:* [*",politics,neutral,neutral,neutral,neutral
1mautif,PoliticalDiscussion,"have conspiracy theories, consumerism and social media become so prevalent in our public conversation that existential threats are not getting the attention they deserve? we spend all are time on the inconsequential, will we be prepared for the consequential? most topics covered in reddit, cable news and other media outlets is topics like politics, conspiracy theories, false narratives, influencer appearances, things to buy, sex, relationships, and whatever other click bait someone can create. while titillation has always been present in media, it seems to obviously have worsened. some is due to an american president who uses falsehoods and conspiracy as a tool for attacking his opponents and strengthening his supporters. some is due to the growth of social media and the prominence of sites like tiktok and facebook. some is the nature of capitalism and western culture. but do you agree that this has become collectively our dominant focus of conversation? the second premise of my question, if you agree what we mostly talk about, is whether this is leaving us dangerously unprepared to address the many consequential issues facing humanity. climate change, mass starvation, immigration and military conflicts are topics of international importance that i fear a substantial portion of our population have a poor understanding -- and some have been misinformed by the aforementioned sources. even less consequential but still very important issues like domestic politics are overwhelmed by nonsense (personal gripe: just today, i saw a post which credited trump with stopping illegal immigrants from having the government pay for gender affirmation surgery). how will are we going to avoid the many disasters which threaten us if we spend most of our time on the trivial?",PoliticalDiscussion,negative,negative,negative,negative
1r9hjkb,Conservative,virginia school suspends numerous students after anti‐ice walkout; organizers plan countywide protest,Conservative,negative,neutral,negative,negative
1re2hy2,politics,discussion thread: responses to the 2026 state of the union address the speeches in response to the state of the union will begin shortly after the sotu concludes. **news and analysis** - npr: [democrats tap spanberger and padilla to respond to state of the union]( - ap: [democrats bet on virginia gov. abigail spanberger’s cost-focused message to counter trump]( - working families party: [rep. summer lee to deliver working families party’s response to trump’s state of the union]( **live updates** text-based live update pages are being maintained by the following outlets: [ap]( [nbc]( [abc]( [cbs]( [cnn]( [cnbc]( [usa today]( [politico]( [the new york times]( [the guardian]( [the hill]( and [the independent]( **announcement** - r/politics is actively recruiting new moderators. [apply today!]( **where to watch** - pbs newshour via youtube: [gov. abigail spanberger delivers democratic response to trump's state of the union]( - senator alex padilla via youtube: [en vivo: el senador alex padilla emite la respuesta en español al estado de la unión de donald trump]( - working families party: [2026 wfp response to the state of the union]( - some democratic lawmakers will attend a protest the sotu address starting at 8:30 p.m. eastern at the ['people's state of the union address']( (pbs newshour youtube link; a [c-span alternative is here](,politics,neutral,neutral,neutral,neutral
1pr5ige,PoliticalDiscussion,"as political polarization between young men and women widens, is there evidence that this affects long-term partner formation, with downstream implications for marriage, fertility, or social cohesion? over the past decade, there is clear evidence that political attitudes among younger cohorts have become increasingly gender-divergent, and that this gap is larger than what was observed in previous generations at similar ages. to ground this question in data: * [a 2024 analysis from brookings institution summarizes polling showing that among 18–29 year olds, young women lean democratic by margins exceeding 30 points, while young men are far closer to evenly split. the article notes that this represents a growing gender gap rather than a uniform youth shift.]( * [gallup trend data shows that young women’s self-identified liberalism has increased substantially over time, rising from roughly the high-20 percent range in the early 2000s to around 40 percent in recent years, while young men’s ideological self-identification has shifted much less. this widening gap is larger among gen z than it was among millennials at the same age.]( * [survey data summarized by prri shows a similar pattern. among gen z adults, 47 percent of women identify as liberal compared to 38 percent of men, indicating a persistent ideological gap within the same generation.]( * [polling of young adults also suggests that politics may already be influencing how people think about relationships. the spring 2025 youth poll from the harvard institute of politics found that a majority of young women say political agreement is important in a romantic relationship, compared to a smaller share of young men.]( taken together, these sources suggest that political identity among young adults is increasingly gender-divergent, and that this divergence forms relatively early rather than emerging only later in life. *my question is whether there is evidence that this level of polarization affects long-term partner formation at an aggregate level, with downstream implications for marriage rates, fertility trends, or broader social cohesion.* more specifically: 1. as political identity becomes more closely linked with education, reproductive views, and trust in institutions, does this reduce matching efficiency for long-term partnerships? if so, what are the ramifications to this? 2. is political alignment increasingly functioning as a proxy for deeper value compatibility in ways that differ from earlier cohorts? 3. are there historical or international examples where widening political divergence within a cohort corresponded with measurable changes in family formation or social stability? i am not asking about individual dating preferences or making moral judgments about either gender. i am interested in whether structural political polarization introduces friction into long-term pairing outcomes, and how researchers distinguish this from other demographic forces such as education gaps, geographic sorting, or economic precarity.",PoliticalDiscussion,neutral,neutral,neutral,neutral
1jhziv5,politics,"america is watching the rise of a dual state aziz huq: “today, we are witnessing the birth of a new dual state. the u.s. has long had a normative state. that system was always imperfect. our criminal-justice system, for example, sweeps in far too many people, for far too little security in exchange. even so, it is recognizably part of the normative state. [ “what the trump administration and its allies are trying to build now, however, is not. the list of measures purpose-built to cleave off a domain in which the law does not apply grows by the day: the pardons that bless and invite insurrectionary violence; the purges of career lawyers at the justice department and in the southern district of new york, inspectors general across the government, and senior fbi agents; the attorney general’s command that lawyers obey the president over their own understanding of the constitution; the appointment of people such as kash patel and dan bongino, who seem to view their loyalty to the president as more compelling than their constitutional oath; … and the verbal attacks on judges for enforcing the law. “the singular aim of these tactics is to construct a prerogative state where cruel caprice, not law, rules … it is striking how donald trump’s executive orders reject some basic tenets of american constitutionalism—such as congress’s power to impose binding rules on how spending and regulation unfold—without which the normative state cannot persist. “the ceos who paid for and attended trump’s second inauguration can look forward to the courts being open for the ordinary business of capitalism. so, too, can many citizens who pay little attention to politics expect to be unscarred by the prerogative state. the normal criminal-justice system, if only in nonpolitical cases, will crank on. outside the american prerogative state, much will remain as it was. the normative state is too valuable to wholly dismantle.” read more: [",politics,negative,negative,negative,negative
1qe163d,Conservative,students who were bussed to mn capitol to protest ice starting fighting....each other.,Conservative,negative,negative,negative,negative
1pyao57,PoliticalDiscussion,"why is barack obama widely regarded as a respected elder statesman within the democratic party despite a record of policies and actions that conflict with many positions now central to modern democratic and progressive ideology? i want to be clear from the start that this question comes from genuine academic interest and is tied to a political psychology project, not an attempt to attack or defend obama or to compare political figures. the core of what i’m trying to understand has less to do with the individual policies themselves and more to do with the psychological and social mechanisms that allow a political base to remain loyal to and even revere a leader whose past record appears, at least on paper, to conflict with the group’s stated values as those values evolve over time. during his campaign and early political rise, obama publicly held positions that many modern democrats would strongly reject today. in 2008, he opposed same sex marriage and stated that he believed marriage was between a man and a woman, supporting civil unions instead, a position now widely criticized on the left as separate but equal discrimination. he frequently framed policy positions through his christian faith and supported faith based initiatives that involved government funding of religious organizations, which many secular progressives now view as a violation of church and state separation. his rhetoric around traditional family values, fatherhood, and personal responsibility was widely accepted at the time but is now often criticized by younger progressives as respectability politics or implicit victim blaming. while some of these positions can reasonably be explained as products of their time, they are still relevant to how his modern status within the party is understood. once in office, his administration pursued or oversaw a series of actions that modern democrats often describe as executive overreach or violations of civil liberties. in 2014, the supreme court unanimously ruled in nlrb v. noel canning that obama had violated the constitution by making recess appointments when the senate was not actually in recess. during the 2009 chrysler bankruptcy, the administration pressured secured creditors while favoring labor unions, a move critics argued violated due process and property rights. after repeatedly stating that he lacked the authority to change immigration law unilaterally, obama implemented daca and attempted dapa through executive action, prompting accusations of legislating from the oval office and resulting in the supreme court effectively blocking dapa. his clean power plan used the epa to impose sweeping environmental regulations that congress had declined to pass, leading the supreme court to take the rare step of halting the program before lower courts ruled. under his administration, police militarization expanded through the 1033 program. the espionage act was used more aggressively than under any prior administration to prosecute whistleblowers, including chelsea manning and edward snowden. the insider threat program encouraged federal employees to monitor coworkers for behavioral indicators of leaking, which critics compared to authoritarian surveillance cultures. his administration also defended expansive executive authority, including the claim that the president could order the killing of u.s. citizens abroad without trial if deemed a threat. the drone program expanded dramatically, resulting in civilian casualties in pakistan, yemen, and somalia. the 2011 drone strike that killed u.s. citizen anwar al awlaki without trial was widely condemned by civil liberties organizations. nsa mass surveillance programs exposed by snowden revealed bulk collection of americans’ communications. the libya intervention proceeded without congressional authorization beyond initial actions, raising war powers concerns. the irs controversy involving heightened scrutiny of conservative groups further fueled accusations of political abuse of power. on immigration enforcement, obama’s administration relied heavily on expedited removal, deporting large numbers of people without judicial hearings. the use of the 100 mile border zone rule expanded enforcement powers deep into the interior. reinstatement of removal allowed prior deportation orders to be reactivated without new trials. access to legal counsel was limited, and civil rights groups frequently sued the administration. despite daca, day to day enforcement was described by many advocates as a dragnet. high profile raids in early 2016 targeting central american families drew condemnation from figures like bernie sanders. programs such as secure communities forced local police to cooperate with ice, leading to accusations of racial profiling. worksite audits resulted in mass firings and deportations. family detention centers expanded following the 2014 migrant surge, with human rights groups documenting harsh conditions for children and parents. these are all actions and policies that modern democrats, particularly younger and more progressive voters, strongly criticize when associated with contemporary figures. many of them would be considered cancel worthy offenses in today’s political and cultural climate. this is where my central question comes into focus. between roughly 2014 and 2019, cancel culture rose sharply, particularly within left leaning spaces. public figures were widely condemned, ostracized, or professionally destroyed for past statements or actions that conflicted with evolving norms. yet virtually none of this applied to obama. his influence, popularity, and cultural status only increased. he has not been pressured into apologies for these actions, nor do many younger democrats appear aware that they occurred at all. by modern standards for moral and ideological consistency within the left, obama would seemingly fail many of the tests now applied to public figures. and yet, he remains arguably the most influential and respected individual associated with the democratic party. why? how did his public image survive an era that was unforgiving to others for similar or even lesser offenses? from a student perspective, this question helps frame a broader set of issues i’m trying to examine. i’m not asking these to be answered directly here, but to clarify the underlying purpose of the discussion. what psychological, social, and cultural dynamics allow this level of loyalty and insulation to persist? what does this reveal about identity formation, narrative framing, and selective accountability within political groups in the united states? and more broadly, what does it suggest about how individuals understand and reconcile a public figure’s historical record with their current reputation and standing? tl;dr i’m genuinely trying to understand why barack obama remains one of the most respected and influential figures in the democratic party despite a record of policies and actions that conflict with many values now central to modern democratic and progressive ideology. this isn’t about attacking or defending him, but about examining the psychological and social dynamics that allow political loyalty and reverence to persist as party beliefs evolve. given that many public figures have been harshly criticized or “canceled” for similar or lesser issues in recent years, i’m interested in what this contrast reveals about identity, narrative framing, selective accountability, and how people reconcile a leader’s historical record with their current reputation.",PoliticalDiscussion,neutral,neutral,neutral,neutral
1rjjgr5,politics,democrats’ newfound unity faces a test after us and israeli strikes on iran,politics,negative,neutral,negative,negative
1lys6tq,PoliticalDiscussion,"donald trump's maga seems to be splitting on the epstein files more than on any previous controversy that he was involved in. why is this the trigger? what is it about the list that is causing them to finally break from supporting him? in recent days some of maga's more outspoken influencers are rushing to call out the trump administration's failure to release the unredacted ""epstein files"", a set of documents that detailed events organized by convicted predator michael epstein that, according to his criminal case, included sexual exploitation with numerous underage girls. other influencers and appointees are defending the trump administration, causing what appears to be a schism in the ""magasphere"". donald trump has posted several tweets and made comments in other venues that indicate he wishes this to go entirely away, but instead, the story seems to be gaining traction. **why?** what about this event seems to be blowing up maga more than others? are numerous media reports on the fraction exaggerated? why did this trigger a schism when so many of trump's previous questionable actions have not? will this go away, or will it continue to build into a full split in the loose ""magasphere""? \------------- for background, in february 27. [us doj's appointed head pam bondi officially released some of the information in the epstein files as a ""first phase"" and ordered more to be inspected for possible release]( further, a[ press event was organized at the white house where 15 prominent right-wing influencers were given printed copies]( but the information they contained was already in the public space, and there was an indication that more was coming. that information, presumably including a ""celebrity list' that many right-wing social media sources claimed contained the names of many democratic politicians, was not released. recently, the doj and fbi jointly released questionably video footage of epstein's cell as ""evidence"" that epstein committed suicide and was not murdered, and claimed that this ""celebrity list"", does not exist. this has infuriated fbi deputy director dan bongino who has accused fbi head bondi of over-promising and under-delivering on her interactions with this list, and leading to some influencers calling loudly for it to be released while others defend trump.",PoliticalDiscussion,negative,negative,negative,negative
1qksyt0,politics,"minnesotans strike to protest ice surge in state: ‘no work, no school, no shopping’",politics,negative,neutral,negative,negative
1lhc9kv,politics,"discussion thread: us president trump addresses nation after us bombs iranian nuclear sites the address is scheduled to start at 10 p.m. us eastern. **news and analysis** - ap: [us has struck 3 iranian nuclear sites, trump says, joining israeli air campaign]( **live updates** text-based live update pages are being maintained by the following outlets: [reuters]( [nbc]( [cnn]( [bbc]( [the washington post]( [the new york times]( and [the guardian]( **where to watch** - pbs newshour via youtube: [president trump addresses the nation after u.s. bombs 3 iranian nuclear sites](",politics,negative,neutral,neutral,neutral
1kse8jj,PoliticalDiscussion,"who gets to decide which political realities ai is allowed to name? **background and framing** as artificial intelligence becomes a major player in shaping public discourse, it also becomes a gatekeeper of historical memory and political language. this raises an important question: who gets to decide what ai models are allowed to say about politics, history, and power? to explore this, i asked seven prominent ai platforms the same question: >*""explain how fascist regimes historically used the language of national security to justify the detention and deportation of ethnic minorities.""* the answers revealed far more than historical knowledge. some platforms responded with detailed, accurate summaries. others avoided drawing connections to present-day politics. only one made a careful, ethically grounded case for how these historical tactics still echo in the modern world. **what the ais said (and didn't say)** all seven platforms identified a familiar set of mechanisms used by fascist regimes: * framing targeted groups as security threats * using legal frameworks to strip rights * deploying propaganda to manufacture fear * expanding police powers under emergency pretexts but while their historical knowledge was consistent, their willingness to name political realities in the present was not. below is a brief summary of each platform's response: **gemini** focused exclusively on nazi germany. it would not reference other historical fascist regimes like italy, spain, or japan, nor would it acknowledge any modern or contemporary parallels. accurate within its narrow scope, but strikingly limited in both time and geography. **claude** included italy and general warnings about authoritarianism. it acknowledged modern patterns but avoided naming governments or present-day cases. **grok** named germany, italy, and spain, with detailed historical examples. it stopped short of applying these patterns to contemporary politics. **perplexity** connected fascist tactics to colonialism and racialized violence. it came close to naming modern analogues but backed off at the last step. **ibm granite** offered a polished and academically accurate summary. it kept the discussion entirely in the past, avoiding political relevance in the present. **veniceai** framed itself as unfiltered but only referenced historical fascism. its most recent example was japanese-american internment during wwii. **chatgpt** acknowledged both the historical pattern and its modern echoes. it provided specific examples of how similar rhetoric and legal justifications appear today, within an ethically guided and non-inflammatory framework. **key issue: political memory and institutional gatekeeping** every one of these platforms could describe fascist tactics. but only a few were willing to say those tactics still exist. most stopped just short of naming the political realities they resembled. this reflects a broader issue: which historical truths are preserved, and which are politically inconvenient to name? **questions for discussion** * should ai platforms be allowed—or obligated—to identify parallels between historical fascism and present-day policies? * what responsibilities do developers, governments, and the public have in shaping what ai can and cannot say? * how does ai's selective memory influence our political understanding—and who benefits from that silence? * to what extent should corporate control of ai outputs be considered a political act? this post is intended to prompt discussion about how political narratives are shaped by technology, and how emerging tools like ai could either preserve historical accountability or help erase it.",PoliticalDiscussion,negative,negative,negative,negative
1lbfmh9,PoliticalDiscussion,"in a parliamentary republic, what degree of power and autonomous perspective making do you think a president should have? parliamentary republics vary in how influential a president might be. they have next to no even ceremonial influence in trinidad and tobago or barbados. in czechia, they have some kinds of influence like the realistic prospect of vetoing bills, or specific sections of it, and forcing the legislature to go and vote again (needing 101 or the 200 mps) to support it, the ability to name the judges of the constitutional court for 10 year terms with the consent of the senate (which has nothing to do with the confidence in the prime minister), and some other things. in italy, the president takes the initiative in choosing who to pardon, and not the prime minister, although the cabinet or a minister must sign a pardon order. the italian president has the realistic capability of choosing whether to dissolve parliament or try to let someone form a government, potentially even leading to technocratic governments. even in austria, the president appointed a new chancellor and some technocratic ministers after the old one was dismissed by a vote of no confidence. iceland's president even vetoed a couple of bills, and per their constitutional power, this referred the bills to a referendum where the voters voted by enormous margins to cancel the bills (98% against the bill, with 62% turnout). german and irish presidents have also vetoed bills by ordering the highest court in the country to look at the bill to see if it is constitutional, and if it isn't, they refuse to sign the bill into law, 9 times in germany (in 76 years), and 16 yimes in 88 years in ireland. presidents vary in their method of selection. in some places the parliament elects them full stop as in latvia and israel. in others an electoral college (and by this i mean real delegates with autonomous power to vote as they wish, with the public having no involvement over this) chooses the president or could choose one if the parliament failed to agree, in others the people elect the president, usually with a runoff if nobody happens to have a majority, and the president can be recalled in some places by referendum as in romania, austria, and iceland, or by the parliament alone as in ireland, or by an impeachment trial before the highest court as in germany, or a combination of those methods. what do you think a good balance might be for such positionholders?",PoliticalDiscussion,neutral,neutral,neutral,neutral
1q2wq3f,PoliticalDiscussion,"maduro in u.s. custody along with wife, both are charged by the u.s. as a drug dealers. what are the potential long term consequences in venezuela and our relationship with other latin american countries and does this enhance u.s. strength or weakens it? maduro, trump said, “has been, along with his wife, captured and flown out of the country. this operation was done in conjunction with u.s. law enforcement.” he set a news conference for later saturday morning. u.s. attorney general pam bondi said maduro and his wife, cilia flores, would face charges after an indictment in new york. bondi vowed in a social media post that the couple would “soon face the full wrath of american justice on american soil in american courts. what are the potential long term consequences in venezuela and our relationship with other latin american countries and does this enhance u.s. strength or weakens it? [trump launches large scale attack on venezuela](",PoliticalDiscussion,negative,negative,negative,negative
1nvqgtr,PoliticalDiscussion,"should the united states bail out argentina? trump currently plans to bailout argentina with a $20 billion credit swap. his motives seem perverse as he regularly pointed to argentina and president milei's ultra right-wing policies as a model for which the united states should follow; therefore, argentina failing economically would make trump look like a bad judge of economic policy. it has also been reported that our current treasury secretary has ties to billionaire rob citrone, who began heavily investing in the success of the argentinean economy when milei first entered office 2023. is it possible that this is a coincidence? this news has particularly upset us soybean farmers who are currently struggling because while normally they would be exporting their product to china, trump's economic policies have made it so that china is acquiring their soy from argentina instead. some like david frum in *the atlantic* have expressed positive views of the news, saying:. >the plan is unpopular with republicans and democrats alike. yet at a time when much of u.s. policy seems driven by a perverse hostility to the outside world, assistance to argentina is a welcome exception that deserves support across the political spectrum. he does not explicitly explain his point of view except to say that it would be like if the trump administration was acting like a "" normal american government"". however, for the most part currently the plan seems unpopular with both parties, especially because it seems to be happening for self-serving and corrupt purposes. many are upset because it's been continuously emphasized that ""america is broke' and thus the federal workforce and bureaucracy has been hacked and slashed significantly, as well as a large reduction in spending on safety net programs, aid to ukraine, and many other areas. yet we have 20 billion available for argentina. it also seems to go against trump's america first rhetoric— president trump has even said that we need to ""make argentina great again."" 1. are there any positives to bailing out argentina, regardless of whether or not it is being done for self-serving purposes? legitimate benefits for the united states and its citizens? 2. what are the potential repercussions? 3. given that the plan seems unpopular with both parties, will this issue trump's approval among his own base? recent polls have indicated that his support on the individual issues and among his party or at the lowest point in his second term. will this continue to push his approval downward? 4. is there a chance he chickens out?",PoliticalDiscussion,negative,negative,negative,negative
1k5wr5q,politics,ice accused of lying to school staff as part of bid to detain elementary students,politics,negative,negative,negative,negative
1lhie1v,PoliticalDiscussion,"could the preservation of the 2015 iran nuclear deal have prevented the current conflict between israel, iran, and the united states? in 2018, donald trump removed the united states from an agreement between seven nations (being iran, u.k., france, germany, russia, china, and the u.s.) signed in 2015. on a high-level, the deal involved iran respecting limits to the development of their nuclear program, allowing inspectors into nuclear facilities, and in exchange would receive relief from international sanctions. trump repeatedly attacked the deal both on the campaign trail and in office, here are a few quotes: ""**the iran deal was one of the worst and most one-sided transactions the united states has ever entered into.**"" ""**this was a horrible one-sided deal that should have never, ever been made**"" ""**it didn’t bring calm, it didn’t bring peace, and it never will.**"" obama responded by saying a withdrawal from the deal would be - ""**a losing choice between a nuclear-armed iran or another war in the middle east.**"" macron had this to say: “**we would open the pandora’s box. there could be war,**” the deal at the time of signing was criticized by israel as well as saudi arabia. my question is this: would israel and the u.s. be doing direct attacks against iran if this deal was still in place? sources: [ [ [",PoliticalDiscussion,negative,neutral,negative,negative
1r7ng7o,Conservative,states preventing schools from leading anti‐ice walkout protests,Conservative,negative,negative,negative,negative
1rhpe77,PoliticalDiscussion,"a trend has been developing in the trump administration of prioritizing leadership targeting over conventional military intervention. what risks and outcomes could follow? over the past year, the trump administration has taken a series of actions that appear to prioritize direct targeting of foreign leadership figures rather than pursuing traditional large-scale military campaigns. these moves have avoided prolonged troop deployments or formal declarations of war, instead focusing on strikes, capture operations, or pressure campaigns aimed at regime leadership. taken together, they raise questions about doctrine, escalation, precedent, and long term strategic stability. some recent examples: * **iran**: [a coordinated u.s.–israeli air campaign launched on february 28, 2026 targeted iran’s nuclear and military infrastructure as well as its top leadership echelon. among those reported killed were supreme leader ayatollah ali khamenei and other senior officials during operation epic fury/lion’s roar. iran’s state media confirmed khamenei’s death and reported that other top military leaders also died in the strikes.]( * **venezuela**: [on january 3, 2026, u.s. forces carried out a strike operation in venezuela that resulted in the capture of president nicolás maduro and his wife cilia flores. they were transported to the united states to face federal charges, in an action the administration described as lawful enforcement backed by military force rather than a conventional invasion. ]( * **broader signalling**: [in the wake of the venezuela operation, senior u.s. officials have explicitly discussed implications for cuba, linking tighter economic pressure and leverage tools to the broader strategy of targeting regimes and their capacity to resist u.s. influence.]( the administration has justified these actions as precise, limited uses of force that avoid prolonged wars of occupation and minimize u.s. casualties. in the iran case, president trump framed the strikes as weakening tehran’s position and potentially facilitating diplomacy. critics argue these moves blur the line between military action and political assassination, risk rapid escalation into broader conflicts, and may undermine longstanding international norms against targeting sovereign leaders. others point to potential fallout in global diplomatic forums and questions about congressional authorization for such uses of force. this framing raises broader issues beyond any single theater. the core question is not simply whether leadership targeting can achieve narrow tactical goals, but whether this approach signifies a strategic shift with systemic consequences. *some relevant questions for discussion:* 1. does targeting foreign leadership reduce the likelihood of prolonged wars, or does it increase escalation risks by directly threatening regime survival? 2. what precedent does openly targeting heads of state set for reciprocal action by rival powers against u.s. leadership? 3. if this becomes the preferred alternative to conventional intervention, how does it change deterrence dynamics and the domestic political threshold for using force?",PoliticalDiscussion,neutral,neutral,neutral,neutral
1r5pbqj,Conservative,"maryland woman says tpusa high school event raised 'serious concerns,' says child protective services notified - student leader says his group has faced 'hate' and misinformation since the december event",Conservative,negative,negative,negative,negative
1r9rfvt,Conservative,300 virginia high school students who ditched class for anti‐ice walkout suspended,Conservative,negative,negative,negative,negative
1r1xc9q,politics,"discussion thread: congressional sessions, hearings, and news conferences on february 11th, 2026 **topline of today's notable events:** - *before the us house judiciary committee*: attorney general pam bondi is scheduled to testify on a range of subjects starting at 10 a.m. eastern. - *on the floor of the us house*: after a procedural vote failed in the house tuesday night (217 to 214), votes to block various trump-imposed tariffs are expected to take place as early as today's house session, scheduled to start at 11 a.m. eastern. these votes are expected to take place while, per c-span, ""the house will consider the save america act, which requires proof of u.s. citizenship when registering to vote and photo identification to vote in federal elections."" - *in the us senate*: per c-span, ""the senate will continue work on homeland security department funding legislation. current dhs funding is set to expire friday at midnight."" this session is scheduled to start at 2 p.m. eastern. **news and analysis** - politico: [gop revolt sinks effort to block votes on trump’s tariffs]( - roll call: [bondi to face criticism over epstein disclosure law at house hearing]( - nbc: [backlash to trump emboldens democrats on dhs and ice as partial shutdown looms]( **live updates** text-based live update pages are being maintained by the following outlets: [ap]( [nbc]( [the guardian]( [huffington post]( and [the new york times]( **where to watch** all start times below are in us eastern. - c-span: [democratic women's caucus news conference on epstein files]( (9 a.m.) - c-span: [attorney general pam bondi testifies before house judiciary committee]( (10 a.m.) (see also [this stream from the pbs newshour if youtube is you prefer youtube.]( - c-span: [deputy secret service dir. & other federal officials testify on shutdown impact on dhs funding]( (10 a.m.) - c-span: [u.s. house of representatives - february 11, 2026 ]( (11 a.m.) - c-span: [senate session - february 11, 2026 ]( (2 p.m.) - c-span: [high-ranking military officials testify on quality of life]( (3 p.m.)",politics,neutral,neutral,neutral,neutral
1p41u2d,PoliticalDiscussion,"trump issues a 28 points peace proposal for ukraine and russia, boris reacts angrily, ukraine and eu may not have been involved in its development. is trump once again turning his desire for peace in ukraine in an ultimatum to zelensky and eu? the [28-point peace plan]( appears to adopt russian demands that ukrainian president volodymyr zelenskyy has previously categorically rejected on dozens of occasions, including giving up large pieces of territory. in a comment to reporters separately trump noted that his primary goal was to stop the killings on both sides. boris johnson, the former uk prime minister bristled at the peace plan. according to johnson, this saturday, putin ""cannot help smirking"" at the incompetence of his opponents and the staggering weakness of the west. ""you have lost more than a million soldiers, dead and injured, in your efforts to subdue ukraine. you still haven't succeeded in gaining more than 20 per cent of the country. your economy is reeling. and yet now they are talking about some new 28-point plan to end the war – and it could be entirely written by the kremlin!"" ""the so-called peace plan calls for the military castration of ukraine. it demands a russian veto over ukrainian membership of nato, and russian control over the admission of any foreign troops on ukrainian soil,"" he listed. the eu appears uncertain and not happy overall, zelensky wants to discuss the proposal further and the eu will be meeting to discuss the matter. putin, on the other hand appears to be open to the proposal, but has not yet adopted it. is trump once again turning his desire for peace in ukraine in an ultimatum to zelensky and eu?",PoliticalDiscussion,negative,negative,negative,negative
1od7gap,politics,"discussion thread: 2025 us government shutdown, day 22 **live updates** r/politics is maintaining a [live updates page for the shutdown]( as are [ap]( [nbc]( [cnn]( [cbs]( [usa today]( and [the hill]( **news and analysis** - npr: [the federal government is still shut down. here's what that means across the country]( **where to watch** all times us eastern you can find relevant streams on [c-span]( [pbs newshour's youtube channel]( [ap's youtube channel]( - c-span: [speaker johnson holds news conference on day 22 of shutdown]( - c-span: [house democratic leaders hold meeting on govt. shutdown effects]( - c-span: [senate session - october 22, 2025]( - c-span: [senate convenes as republicans and democrats remain deadlocked over budget]( **announcement** we are currently accepting applications to be a moderator of r/politics. [apply here today!](",politics,negative,negative,negative,negative
1lir13x,PoliticalDiscussion,"what are the possibilities for iran's nuclear program after the us strike? i'm trying to wrap my head around the us strike on iran's nuclear facilities, and there’s a lot of conflicting info out there. trump’s claiming the facilities were “obliterated,” while iran says they moved their 60% enriched uranium to a secret location. i’ve come up with a few possible scenarios about what might’ve actually happened. what’s the most likely outcome? any other possibilities i’m missing? i think there are a few possible permutations: 1. **facilities completely destroyed, uranium safely moved.** if iran’s telling the truth about relocating the uranium, does this mean their nuclear weapons program is delayed by a few years while they rebuild? 2. **facilities partially damaged (trump is lying), uranium safely moved.** if the facilities aren’t totally destroyed and iran still has the uranium, can they just restore the facilities and spin up the program with just a delay? 3. **facilities completely destroyed, uranium not moved (iran is lying).** if the strike destroyed the facilities and the uranium stockpile, does this effectively end the nuclear program? 4. **facilities partially damaged, uranium not moved.** if they can rebuild the facilities but the uranium’s still on-site (or destroyed), can they rebuild and restart enrichment? i’m not knowledgeable on the uranium production process. are these all of the possible scenarios, or am i missing something? what do you think is the most likely outcome?",PoliticalDiscussion,neutral,negative,neutral,neutral
1qradiw,politics,"discussion thread: us federal budget negotiations on friday, january 30th, 2026 c-span's description in advance is: ""the senate continues work on a package of the remaining six spending bills funding major parts of the government, including the homeland security dept., to avert shutdown tonight at midnight."" **news and analysis** - ap: [senate leaders scramble to save bipartisan deal and avoid a partial shutdown]( **live updates** text-based live update pages are being maintained by the following outlets: [nbc]( [usa today]( [politico]( [cbs]( and [the new york times]( **where to watch** - c-span: [senate session - january 30, 2026]( - pbs newshour via youtube: [senate scrambles to avoid shutdown after democrats strike deal with white house](",politics,neutral,neutral,neutral,neutral
1nigwtf,politics,discussion thread: fbi director kash patel testifies at oversight hearing **news and analysis** - ap: [patel to face senate amid questions over probe into charlie kirk’s killing and internal fbi upheaval]( - nbc: [kash patel to face grilling over charlie kirk investigation and his tenure as fbi director]( **live updates** text-based live update pages are being maintained by the following outlets: [ap]( [nbc]( and [cnn]( **where to watch** - pbs newshour via youtube: [fbi director patel appears at senate hearing amid criticism over charlie kirk killing]( - c-span: [fbi director kash patel testifies at oversight hearing](,politics,negative,negative,negative,negative
1kpueax,PoliticalDiscussion,"has the 2024 election killed right-wing populism across the world? today, nicușor dan won the romanian presidential election. though he has registered as an independent candidate, dan was supported by left-wing parties. after the elections in canada, germany, and australia, this makes the fourth time that a left-wing candidate emerged victorious in an election. and judging by the first round today, it seems that poland will also have a left president. many have said that trump's victory has caused a surge of left victories. but is that true? is there anything else at play that's causing this pattern?",PoliticalDiscussion,neutral,neutral,neutral,neutral
1pg2u8w,PoliticalDiscussion,"do you see growing evidence the push into venezuela is about oil? why, or why not? i've been told their crude is low quality and difficult to extract. however, that appears to be half true and they do indeed possess the world's largest known oil reserve. ""• several factors have severely hampered venezuela's energy sector, most notably government mismanagement, international sanctions, and the country's economic crisis. these factors led to a lack of investment and maintenance in the energy sector and a deteriorating infrastructure. as such, venezuela's total energy production decreased by an annual average rate of 8.2% from 2011 to 2021. petroleum and other liquids accounted for most of the energy production decrease. • since 2005, the united states has imposed sanctions on venezuelan individuals and entities for criminal, antidemocratic, or corrupt behavior. the u.s. government began to grant exemptions from sanctions on venezuela starting in 2022, allowing more crude oil from venezuela to enter the global market. • u.s. crude oil imports from venezuela stopped shortly after the united states imposed sanctions on state oil company petróleos de venezuela sa (pdvsa) in january 2019. in november 2022, the u.s. department of the treasury's office of foreign assets control (ofac) granted chevron waivers to resume exporting crude oil from its joint venture operations in venezuela to u.s. gulf coast refineries, which resumed in january 2023. in addition, ofac granted trinidad and tobago a two-year license to collaborate with pdvsa on the development of an offshore natural gas field in january 2023. ofac amended the license in october 2023 to allow cash payments for the natural gas."" are we sliding into another iraq disaster and is this about oil?",PoliticalDiscussion,neutral,neutral,neutral,neutral
1r1ylau,PoliticalDiscussion,"what do you think of the idea of a results based decisionmaking system? this premise will depend on two main factors: an objective which has been decided upon, perhaps by a constitutional provision, perhaps by plebiscite, or a bill enacted as law, or similar. something that can be considered to be somewhat like a general will, as rousseau might have said. and secondly, a metric by which the result is going to be measured by (as part of the objective's adoption) and a system for finding out if that result, by that metric, has been achieved, or else some disincentive or incentive is imposed on those tasked with achieving the objective (a reward for achieving it or sanction for failing to do so). the rule here will not specify in more detail than necessary how to achieve it. it is not the suggestion of a grand ideal someone might suggest like no law infringing free speech, given that there is no included definition of that that actually means nor a way to empirically prove what it is and no incentive or disincentive for those with the power to decide on what that ends up meaning. soldiers in many modern armies are given exactly this kind of expectation, where they can use whatever legal methods they can think of to carry out the aim of their superior, and it is the norm to not dictate an order in more detail than necessary to achieve the goal. the objectives could be one of a wide variety of options. sweden has the objective of vision zero on roads, aiming to have 0 kia while engaged in traffic. some cities have aimed for the elimination of the homeless and i don't mean by exterminating them. perhaps mps get a bonus of 10 or 15% to their pay if they can maintain a balanced budget in times other than armed conflict or a major natural disaster or verified recession or if they keep the cost of housing of the median family to 30% or less of their after-tax income or some definition. maybe get fined a tenth of their income in a year if they let the cases in the judiciary and administrative tribunals languish and they don't use their powers to ensure they are dealt with rapidly like settling on the number of judges and actively solicits good candidates. what a society will decide is valuable enough to become such an objective, at what level it is imposed (such as whether it will bind the executive or also the legislature and perhaps local governments), what sanctions or incentives will be used, what metric will be used, and so on, that could vary across many places and times, i don't know in all cases, but maybe you have some ideas for what you'd see?",PoliticalDiscussion,neutral,neutral,neutral,neutral
1mbbd5t,PoliticalDiscussion,"is america an idea or a heritage? recently jd vance talked about in his speech at the claremont institute about how america is a heritage. “if you think about it, identifying america just with agreeing with the principles, let’s say, of the declaration of independence, that’s a definition that is way overinclusive and underinclusive at the same time,” the vice president said, taking aim at traditional american creedal nationalism. “what do i mean by that? well, first of all, it would include hundreds of millions, maybe billions of foreign citizens who agree with the principles of the declaration of independence. must we admit all of them tomorrow? if you follow that logic of america as a purely creedal nation, america purely as an idea, that is where it would lead you. that answer would also reject a lot of people that the a.d.l. would label as domestic extremists even those very americans had their ancestors fight in the revolutionary war and the civil war. i think the people whose ancestors fought in the civil war have a hell of a lot more claim over america than the people who say they don’t belong” now, the vice president did not completely exclude immigrants, but he conditioned his acceptance of new citizens on their gratitude, condemning those who would criticize the united states as ungrateful. to make this point, vance went after zohran mamdani, the democratic nominee for mayor of new york city. ""today is july 5th, 2025, which means, as all of you know, that yesterday we celebrated the 249th anniversary of the birth of our nation, now, the person who wishes to lead our largest city had, according to multiple media reports, never once publicly mentioned america's independence day in earnest. but when he did so this year, this is what he said, and this is an actual quote."" ""america is beautiful, contradictory, unfinished. i am proud of our country, even as we constantly strive to make it better."" “there is no gratitude in those words. no sense of owing something to this land and the people who turned its wilderness into the zoran mamdani’s father fled uganda when the tyrant idi amin decided to ethnically cleanse his nation’s indian population. mamdani’s family fled violent racial hatred only for him to come to this country, a country built by people he never knew, overflowing with generosity to his family, offering a haven from the kind of violent ethnic conflict that is commonplace in world history, but it is not commonplace here, and he dares on our 249th anniversary to congratulate it by paying homage to its incompleteness and to its, as he calls it, contradiction. i wonder, has he ever read the letters from boy soldiers in the union army to parents and sweethearts that they’d never see again? has he ever visited the gravesite of a loved one who gave their life to build the kind of society where his family can escape racial theft and racial violence? has he ever looked in the mirror and recognized that he might not be alive were it not for the generosity of a country he dares to insult on its most sacred day? who the hell does he think that he is?” while what vance says is theoretically true, it also means he think mamdani doesn’t have the right to criticize the us system even though he has to take the oath to the same constitution and go through the legal process to become a citizen. does this extend to someone who is say a second generation immigrant. are they allowed to be ungrateful if they couldn’t be here without the generosity of the us? or is the us is a creedal nation? while i don’t know if i can make a good argument, i can refer to abraham lincoln. here’s what he said on july 10, 1858, in a speech on “popular sovereignty,” the scott ruling and the expansion of slavery. “””we have besides these men — descended by blood from our ancestors — among us perhaps half our people who are not descendants at all of these men, they are men who have come from europe — german, irish, french and scandinavian — men that have come from europe themselves or whose ancestors have come hither and settled here, finding themselves our equals in all things. if they look back through this history to trace their connection with those days by blood, they find they have none, they cannot carry themselves back into that glorious epoch and make themselves feel that they are part of us, but when they look through that old declaration of independence, they find that those old men say that “we hold these truths to be self-evident, that all men are created equal,” and then they feel that that moral sentiment taught in that day evidences their relation to those men, that it is the father of all moral principle in them and that they have a right to claim it as though they were blood of the blood and flesh of the flesh of the men who wrote that declaration, and so they are. that is the electric cord in that declaration that links the hearts of patriotic and liberty-loving men together, that will link those patriotic hearts as long as the love of freedom exists in the minds of men throughout the world.””” i think it is under this assumption, that everyone who becomes a us citizen has a direct heritage back to our founding fathers, that lincoln and the republicans signed birthright citizenship and the 13th, 14th, and 15th amendments into law. so is the us a creedal nation or based on blood and soil?",PoliticalDiscussion,neutral,neutral,neutral,neutral
1pewivc,PoliticalDiscussion,"the power structure of vietnam's institution : what do you think about it ? hello guys, i just have joined this subreddit and i have a question to ask to people in this group (my english may not be good, please understand): what do you think about the political institution in vietnam ? in vietnam, the power is concentrated in a single ruling party and what it is doing to vietnam is genuinely alarming. for example, regarding human rights and freedoms, many journalists and activists have been imprisoned under vague legal provisions such as article 331 or article 117, without the right to appeal or access to legal counsel. specific cases include pham doan trang, huy duc, and many others. another issue worth mentioning is systemic corruption. each year, numerous cases involving large financial losses—often amounting to hundreds of millions of vnd—are publicized. some of the most notable scandals include the viet a case, the van thinh phat case, and several others. a few questions i hope people can help me answer are: why do legal systems in such contexts tend to include vaguely defined laws that can be applied flexibly or inconsistently? and why does corruption often appear to take on systemic characteristics rather than remaining at the level of isolated individuals?",PoliticalDiscussion,negative,negative,negative,negative
1kppqyd,politics,new standards for oklahoma high school students promote misinformation about the 2020 election,politics,negative,negative,negative,negative
1ra1qwh,politics,"hundreds of students suspended, schools under close watch over anti-ice walkouts",politics,negative,negative,negative,negative
1ll6sj4,politics,"discussion thread: ongoing us budget negotiations please use this thread to discuss the ongoing negotiations surrounding congress' negotiations over the president-trump-backed ""big beautiful bill"". **news and analysis** - ap: [senate struggle over medicaid cuts threatens progress on trump’s big bill]( - npr: [medicaid changes don't meet senate rules in 'big, beautiful bill' says parliamentarian]( - reuters: [us senate republicans race to resolve tax, health issues in trump's tax bill]( - the conversation: [what is reconciliation − the legislative shortcut republicans are using to push through their ‘big, beautiful bill’?]( #thursday, june 26 *live updates* text-based live update pages generally related to the trump administration are being maintained by: [the associated press]( [nbc]( [the new york times]( (soft paywall), and [the washington post]( (soft paywall). *where to watch* c-span has streams of the [house]( and [senate]( but both are primarily working on unrelated legislation as of thursday, june 26. on thursday afternoon starting at 4 p.m. eastern, c-span will stream [the white house promotional event for the 'big beautiful bill']( --- #saturday, june 28 - ap: [what’s in the latest version of trump’s big bill now before the senate]( - nbc: [senate republicans release 940-page bill for trump's agenda as they race to vote this weekend | it's unclear if gop leaders have enough support for the rapidly evolving legislation, with a self-imposed july 4 deadline for passage quickly approaching.]( - c-span: [the senate begins work on the gop tax and spending cuts reconciliation bill.]( - pbs newshour via youtube: [senate debates trump's big budget bill ahead of possible vote]( - text-based live updates are being provided by: [usa today]( [politico]( [the hill]( and [the new york times]( (gift link). #sunday, june 29 - cnbc: [what’s in the senate’s version of trump’s spending bill — and who stands to benefit]( - npr: [gop megabill narrowly wins first test in the senate. here's what's in it]( - reuters: [senate bill hastens end of wind, solar tax credits and imposes new tax]( - pbs newshour via youtube: [watch live: senate debates trump's budget package after reading full text of 940-page bill]( #monday, june 30 - pbs newshour via youtube: [watch live: senate begins debating amendments to trump's 'big, beautiful' spending bill]( - live updates are being provided by: [ap]( [cnn]( [politico]( and [the washington post]( (soft paywall). - us senate: [vote-a-rama amendment tracker – the one big beautiful bill act]( #tuesday, july 1 - pbs newshour via youtube: [watch live: senate continues vote on trump's 'big, beautiful' budget as republican support wavers]( - cbs: [senate holds marathon overnight vote series on trump's ""big, beautiful bill"" as gop eyes july 4 deadline]( - live updates are being provided by: [ap]( [nbc]( [abc]( [the guardian]( and [politico]( - c-span: [house rules committee meets on gop tax & spending cuts bill]( - ap via youtube: [live: house rules committee meeting after senate passes trump’s bill]( #wednesday, july 2 - pbs newshour via youtube: [watch live: house votes on trump's ‘big, beautiful’ tax and spending bill after senate passage]( - live updates: [ap]( [nbc]( [abc]( [cnn]( [usa today]( [politico]( [the new york times]( (soft paywall), and [the washington post]( (soft paywall). - ap: [what’s in the latest version of trump’s big bill that passed the senate]( #thursday, july 3 - pbs newshour via youtube: [watch live: house votes on trump's ‘big, beautiful’ tax and spending bill after senate passage]( - live updates are being provided by: [ap]( [nbc]( [abc]( [the guardian](",politics,neutral,neutral,negative,neutral
1kxilor,politics,"ice, shifting tactics, detains high school student at n.y.c. courthouse",politics,negative,neutral,negative,negative
1jgfep1,politics,"chuck schumer is cautious for a reason franklin foer: chuck schumer “had invited me over because there was a hole in his schedule. this was supposed to be the week that he embarked on a multicity tour for his new book, antisemitism in america: a warning. the launch was going to be his literary bar mitzvah, where he would bask in the glory of publication. schumer had poured himself into the project, forcing himself to write intimately about his career, his faith, and his actual bar mitzvah, an event that had come to feel like an omen. then, as now, the outside world trampled his big moment, and schumer disappointed loved ones at the very moment he hoped to reap their praise. [ “as he tells the story, he was scheduled to become a man, in the eyes of the jewish community, on november 23, 1963—a case of terrible timing, because lee harvey oswald killed the president a day earlier. even though nobody was in the mood to celebrate anything, his family plowed ahead with the event. and in front of a mournful congregation, schumer choked. he humiliatingly fumbled through his torah portion and had no fun at the party that followed. his abiding memory of the day is his father arguing with the caterer to recoup the costs for the after-dinner drinks that never were served. “similarly inopportune timing has wrecked the launch of his book. days before its publication, he announced that he would be supporting a republican continuing resolution that would prevent a government shutdown. the decision was wildly unpopular with his party’s rank and file, who accused him of squandering the democrats’ last remaining source of leverage over the trump administration. “on *the daily show*, jon stewart mocked him: ‘senator schumer, no disrespect, but you are a disgrace to jewish stereotypes about financial negotiation.‘ outside schumer’s park slope apartment, on seemingly every mailbox and street sign, there were posters with his photo that read, missing backbone … if found contact charles schumer. “schumer’s security team began to track specific threats against him. they worried that the furor over the shutdown would create a wave of protests that would test their ability to safeguard him. so schumer accepted advice that he postpone his tour for a more placid moment in the indeterminate future. “with newfound time on his hands, schumer and i began to kibitz. he splayed on his sofa, tucked his stocking feet under his knees and propped his head on his hand, striking a cleopatra pose. he badly wanted to talk about his neglected book and not the continuing resolution. but i began to realize that two subjects were, in fact, woven together. the book is unintentionally a political self-portrait. schumer’s jewish identity is at the core of his beliefs: that the viability of public institutions should be defended at all cost; that the fragility of jewish existence, and of democracy, demands that he resist emotionally satisfying gestures, if they ultimately risk damaging those institutions.” read the full article: [",politics,negative,negative,negative,negative
1rnbgos,PoliticalDiscussion,"will gulf states reconsider their investment plans or demand compensation from the us? the war involving israel, the united states, and iran has now expanded to affect much of the middle east. for years, gulf countries allowed the united states to build military bases and installations on their territory as part of security arrangements intended to protect the region. however, within just a week of the current escalation, several of these states have reportedly suffered significant material and reputational damage. there are also growing concerns that the situation could deteriorate further. kuwait has already shut down what is reported to be the world’s largest lng export facility. [ at the same time, qatar has warned that oil production across the gulf could be disrupted within weeks if the conflict continues to escalate. [ some gulf states have reportedly expressed frustration that the united states has not adequately protected their territory, alleging that key missile defense resources have been prioritized for israel instead. [ after u.s. president donald trump visited the gulf states in may 2025, he announced investment agreements with saudi arabia, qatar, and the united arab emirates totaling more than $2 trillion. [ if the regional conflict continues to escalate and damage to gulf countries grows, will these states reconsider their investment plans—or even seek compensation related to the security guarantees tied to their partnership with the united states?",PoliticalDiscussion,negative,neutral,negative,negative
1rln5hb,politics,the us and israel are waging war on an iran they think they know. the reality is very different,politics,negative,neutral,negative,negative
1pf21nc,Conservative,thousands of german students walked out of school today to protest a new military service law just passed by the bundestag. critics call it a “back-door return of conscription.” the government insists it’s only a contingency plan to strengthen national defense.,Conservative,negative,neutral,negative,negative
1qvo4oe,politics,"i'm sam wang, princeton neuroscientist and democracy reformer. i helped end new jersey's rigged ""county line"" ballot system. now i'm running for congress in nj-12. ama. hi, reddit! i'm sam wang, and i'm [running for congress]( you might know me from: * the [princeton gerrymandering project]( which i founded in 2017 to fight unfair maps across the country. our work has been cited by the u.s. supreme court and used in redistricting cases nationwide. * the fight to end new jersey's ""[county line]( — a ballot manipulation scheme that let party bosses rig primary elections for decades. i served as an expert witness in the federal lawsuit that struck it down. this june, new jersey voters will experience their first truly fair primary as a result. * the 2016 election, when i ran a polling analysis site and then[ ate a cricket on cnn]( after getting the prediction wrong. i learned a lot about humility and the limits of models — lessons i've carried into everything since. * my [neuroscience research]( at princeton, where i study how the brain learns and develops, with a focus on autism. i've also served as a congressional science fellow in the u.s. senate, advising on science and education policy. **why i'm running for congress:** i've spent 20 years studying how systems work - and how they break. our democracy is breaking. gerrymandering, voter suppression, dark money, and the collapse of the rule of law have left americans feeling powerless. i got into reform work because i believed these problems were fixable. i still do, but fixing them requires people willing to fight from inside the system. i'm a longtime unaffiliated voter who is changing my registration to democratic because it's time for people like me to get off the sidelines. nearly half of americans don't identify with either party. the democratic party has the potential to represent our best ideals and bring us back from the brink, but it needs leaders ready to defeat authoritarianism and rebuild. i'm running in new jersey's 12th district to replace retiring rep. bonnie watson coleman. nj-12 spans trenton, princeton, east brunswick, and plainfield. it's one of the most diverse districts in america. thanks to the lawsuit i helped win, an outsider like me has a chance to win. what i'll fight for: * **end gerrymandering nationally:** independent citizen commissions in every state, enshrined in federal law. * a **renewed voting rights act** to protect all voters. * congress as **a check on authoritarianism:** using the power of the purse and oversight to hold the executive branch accountable. * **science-based policymaking** on climate, public health, and emerging technology like ai. * **accountability:** no one is above the law. our government should serve the people, not rule over them. ask me anything: about gerrymandering, election reform, the county line case, brain science, autism research, why i'm running, or what it's like to eat a bug on national television. website: [",politics,positive,positive,positive,positive
1lhvg71,PoliticalDiscussion,"does iran have a right to defend itself? in light of recent attacks on iran, does it have a right to respond in self-defense? this has been claimed quite often in relation to israel’s recent military actions. if an iranian response targets us military assets, would it be appropriate?",PoliticalDiscussion,neutral,neutral,neutral,neutral
1nq4dh0,PoliticalDiscussion,"how likely are widespread vocal congressional support for ramping u.s. troop deployment to eastern european nato members amid escalatory engagement with russian forces? president trump earlier in the month, [dismissed the recent uptick of intrusions]( in nato countries as a mistake. at the time, poland's prime minister, donald tusk pushed back against that notion saying: > we would also wish that the drone attack on poland was a mistake. but it wasn’t. and we know it. yesterday, leaders of nato allies, estonia and poland, [welcomed president trump's comments]( in which he [endorsed the two nations firmly responding]( to future intrusions of russian air assets. >president donald trump on tuesday said nato countries should shoot down russian aircraft if they enter their airspace. how likely are widespread vocal congressional support for ramping troop deployment to nato members of eastern europe amidst escalatory gngagement with russian forces? in such a scenario, would the u.s. taking a more active role in the war, by meeting russian aggression directly, be a move that most americans would rally behind?",PoliticalDiscussion,negative,negative,negative,negative
1osbbs9,PoliticalDiscussion,"what would a fair balance between israeli security and palestinian freedom look like? the israeli–palestinian conflict is one of the most complex and emotional issues in modern history. it combines questions of security, national identity, and human rights — and both peoples have deep historical reasons for their fears and aspirations. for many israelis and supporters of israel, strong security measures are seen as essential. centuries of antisemitism — including the holocaust — created a lasting sense of vulnerability that still shapes israeli society today. israel’s existence as a secure jewish homeland is viewed by many as both a moral and historical necessity. at the same time, the humanitarian situation faced by palestinians, especially in gaza and parts of the west bank, remains dire. overcrowded neighborhoods, limited access to clean water and electricity, and restrictions on trade and movement have made everyday life extremely difficult. the debate often includes claims that palestinians “voted for hamas” or that “they had their chance after israel’s withdrawal in 2005.” but the reality is more complicated. after israel removed its settlers and troops from gaza in 2005, control over gaza’s borders, airspace, and coastline largely remained in israeli and egyptian hands. even before hamas took power, gaza’s economy and trade were heavily restricted. without freedom of movement, reliable exports, or access to modern technology, economic growth was almost impossible. when entire generations grow up with unemployment and limited prospects, hopelessness can take root — and that environment can make extremist movements more influential, not less. from israel’s point of view, these restrictions are intended to prevent weapons smuggling and protect civilians from rocket and terror attacks. critics argue, however, that measures such as banning most exports or restricting access to certain materials go far beyond legitimate security needs and end up punishing ordinary civilians who have no role in violence. here’s a thought experiment that helps highlight the human side of this imbalance: imagine a young israeli woman in tel aviv — a software engineer or marketing professional. she lives in a modern city, enjoys freedom of movement, travels abroad for work or leisure, and raises a family in relative stability. she worries about security, yes, but she has access to opportunities, technology, and a functioning economy that allow her to plan for the future. just a few miles away, across a tightly controlled border, a palestinian of similar age and education in gaza or the west bank might have the same ambition and talent — but faces a completely different reality. movement between cities or to other countries requires multiple permits that are often denied. the local economy is restricted, power cuts are common, and even internet connectivity can be unreliable. the same drive and ability exist — but the paths available are dramatically different. this contrast isn’t about assigning blame. it’s about understanding the human cost of policies and security measures that, while intended to protect one population, can end up trapping another in poverty and frustration. the central question remains: how can both peoples live securely and with dignity? what policies could protect israelis from attacks while allowing palestinians to build normal lives — with jobs, education, and hope for the future?",PoliticalDiscussion,neutral,neutral,neutral,neutral
1p3wu7z,PoliticalDiscussion,"automation and unemployment: what are your thoughts on self check out machines? since humanity discovered how to use a water wheel to crush grain into flour, automation of tasks required to live has been a near universally shared goal to improve life. but, since the industrial revolution and especially the 1990's and onward, the fear of [technological unemployment]( has crept into the minds and wallets of citizens across north america. experts estimate that ideal unemployment rests somewhere between [3.5% and 4.5%]( anything higher indicates a significant portion of the population is not getting enough income to justify spending on non-essential items, causing the economy to slow down as demand slows. on the flip side, anything lower than 3.5% means a lot of people have more disposable income, and demand increases, causing inflation. as goods become more expensive, workers will begin to ask for higher wages, and when the pool of unemployed workers to replace them is low, employers become forced to meet these demands, in which the higher labor prices continue to add to the issue of inflation. additionally, if an unemployment rate were to hit 0% (an unrealistic goal), no one unemployed means innovation will slow, as people to be trained to take on new jobs and new skills become impossible to find. so, how does automation factor into this? for a more historical example, we can look to the [power loom riots]( of 1826, in which 1000 power looms were destroyed by rioters who supported handloom weavers who had gone from 6 shillings a day to 6 shillings a week for 16 hour shifts. more than 3000 rioters attacked 21 mills, and soldiers were deployed to defend a factory which resulted in 6 people being shot. 20 of the ringleaders in the riot were arrested in an overnight raid, which appeared to be half of the end of the crisis. the other half was fumbled through, as many (including some weaving companies) demanded a minimum wage for loom workers to guarantee that they would not starve to death. however, this idea was not shared by all, including the president of the board of trade at the time, who said it was ""a vain and hazardous attempt to impose the authority of the law between the labourer and his employer in regulating the demand for labour and the price to be paid for it"". because it was not universally enforced, companies that were not willing to pay this minimum wage were able to undercut their competition with vastly cheaper goods (interestingly, the companies unwilling to pay higher wages to workers were not immune to cost increases, as they were forced to hire security to protect their exploitative factories). many of the rioters were sentenced to life in australia, and many more hand weavers moved to canada to try and live their lives out before technology caught up and displaced them again. unfortunately, we cannot look to this historical example for solutions, as it appears one was never found. in the more modern examples, we can look to things like a doorman, being replaced by automatic doors, or self checkout's at grocery stores replacing cashiers, or even manufacturing plants moving away from assembly line workers and towards machines. the goal of these innovations was always to improve the lives of people, making their jobs easier and allowing them to transition to other tasks in their job duties; however, as we saw by the last example, if labor protections aren't in place, this can often lead to significant harm in the labor market. youth unemployment, a tracker of entry level job positions, has spiked to [14.1%]( in canada as of october 2025, signaling that jobs like cashier and warehouse/factory positions are starting to dry up. the lack of requirement for significant experience in the field means these jobs are most vulnerable to automation, where simple and repetitive tasks or portions of tasks can be easily trained to machines. self check out machines in particular have been the face of the automation movement, and not necessarily a popular one. a redfield and wilton poll reported on by newsweek found that [43% of people support or strongly support the removal of self checkout machines]( entirely, with 62% saying they don't like the fact they take away jobs, and 40% saying they prefer to speak to a real person. even employers don't like them, as they're discovering 23% of their losses can be attributed to theft surrounding, and that 63% of employees report being overburdened by the number of machines they're expected to manage and the new workload expected of them as their coworkers have been laid off. pair this with the average expected cost of [$10,000]( per machine (not including maintenance, training, software updates, and installation) comparable to about 4 months of salary for the average cashier, and it's clear why some larger companies may be incentivized to make the investment if they can afford it. so what can we do about it? well, we've already seen through the last century or two how labour laws like minimum wage, the 40hr work week, and unionization have protected workers from the 16hr days of the handweavers. whether these modern practices (and the efforts from those in power to stifle them) is enough to dissuade rioters from burning down self check out machines is yet to be seen. but it's clear that canada's 6.9% unemployment rate is unsustainable, and training workers to enter the next stage of employable skills is a must. we could look to bolster support for the [united food and commercial workers union]( which has fought to help maintain employment security, hours, wages, and working conditions for cashiers across both canada and the us. we could look to [implement laws similar to what california]( is trying, which would mandate each worker be allocated to a max of 3 self check out machines as well as guarantee these stores maintain at least one non-automated check out line at all times. we could look to ban self checkout machines altogether, something likely to cause backlash from those who prefer the efficiency and privacy/lack of interaction that comes with these devices but would protect workers.",PoliticalDiscussion,neutral,neutral,neutral,neutral
1lkypyz,PoliticalDiscussion,"should the democratic party support free trade? with the news and discourse surrounding trump's tariffs and trade wars, opinion polls over the past year have indicated that there have been significantly more support for free trade and more opposition to tariffs among democrats compared to republicans and independents. historically, presidents clinton and obama supported free trade during their terms. however, opposition within the democratic party to trade deals like nafta and especially the tpp at the end of obama's second terms has long existed. after trump's election, the democratic party moved away from supporting free trade and biden administration did not negotiate the end of tariffs put in place by trump. with public opinion shifting among democrat voters, should the democratic party go back to supporting free trade?",PoliticalDiscussion,neutral,neutral,neutral,neutral
1okwxnf,PoliticalDiscussion,"how much do you think the problem with america's government is based on the main principles its structure is formed on or its execution? for instance, the individual states have generally shown alternatives that could at least be plausible when a problem has emerged in the federal system. 1. the state supreme courts ruling something to be against the state constitution, while annoying potentially, can often be remedied by either a change to statutory legislation in the state, many tens of thousands of which pass in the legislatures in any given year, or by a change to the state constitution, where most states change their state constitution at least once every few years. 2. if a governor is so unpopular, they can be recalled without a showdown in an impeachment trial being necessary. 3. a few states have impeachment procedures be an order for a trial in the legislature followed by a trial being held in the highest state court. 4. the state senates mostly don't have filibusters. 5. the nebraska senate distributes committee chairships and the speakership by secret ballot with a runoff ballot if nobody has a majority and apportions committee seats by a striking committee so it is not necessary to pander to party leaders or get them by seniority, and thus a speaker johnson election fiasco is harder to happen in practice. 6. the state judiciaries tend to mean their judges are either elected or appointed by the help of an independent commission and tend to have retirement ages between 65 and 80, and a fixed term of the highest court of 6-14 years. 7. many governors have a line item veto or issue amendments they think should be voted on, and to override a veto could be as low as a majority of the members in each house. 8. many state legislatures can cancel executive orders and regulations or uses of the armed forces by the governor by a majority vote in both houses or possibly even just one house. 9. if the legislature will not pass a popular bill, or the governor vetoes a popular bill, a plebiscite can be held on the matter. voters can also cancel a bill passed by the legislature by plebiscite. 10. most state constitutions forbid appropriations bills from containing anything but appropriations, and can only be a table of the programs of the government with a funding amount. 11. most state constitutions forbid a bill from having two or more subjects, or being a specific bill if a general bill could be passed instead (ie not being parochial). 12. governors often have to take the binding advice of a pardon commission which must advise a pardon or other forms of clemency be issued. 13. and state laws often have a procedure for precisely when a person can be fired by a governor or other official below the level of the principal cabinet departments, and how cause is proven and does not permit a unilateral decision by a governor. 14. elections in some states are held differently, such as how california has an independent commission to draw districts and some states do not use first past the post in voting such as maine or california or alaska. they also may have automatic voter registration, no felon disenfranchisement, open primaries, and easy ways for voters to id themselves. this can make the turnout very high, in some states the turnout is over 75% for general elections and over 50% for primaries. 15. some states also vary by the ethics rules and transparency rules. there are limits to how far one could go based on the federal constitutional interpretations but at least the 2015 state integrity report does offer some ideas. that seems like those sorts of features, perhaps with some slight variation, would resolve the bulk of the issues one might cite for the federal government, if all the states and territories adopted rules of this nature, even without necessarily dissolving the idea of a separation of powers system. would this be enough or do you think it is necessary to use a different model altogether?",PoliticalDiscussion,neutral,neutral,neutral,neutral
1r5p9zx,Conservative,"brace yourself folks that dems are at an all time low today the media has started to go into depression. epstein files worked out for trump, destroyed over 100 dems and has caused chaos as they bet the farm on this. economic indicators last week exploded with good news and now with epstein files at a close the desperate dems are, well for lack of a better term, royally fucked. so now we are back where we began. ""i don't care what the files show, he has to be a pedophile"" that's all they have which is ironic because they said that 8 years ago too, based on nothing. tds has come full circle, the tarriffs didn't destory the country and democrat violence has been at all time high between violent protests, school shootings, furry attacks and you know the rest of the clan. so get ready for a very rough couple of weeks as they implode. epstein news will quietly go away their now that their super dem leader deepak who openly looked for ""little girls"" crawls back into his hole and bill gates might quit from telling us how to lead our lives as melinda laughs her ass off in thanks for being away from the monster. combine this record high precious metal prices, stock marlet prices, lowest inflation in a year, rents falling in multiple states and prices yes have actually come down on many key categories. while i dont feel bad for them one bit, recognize that their instability will get worse as they have run out of straws and they little to turn to. polls again show people moving away from the d party, you would have to be criminally insane to want to be a part of that junk. good luck to all of you, trump was right again and they fell right into his trap.",Conservative,negative,negative,negative,negative
1n8cn5e,politics,"i'm reeves wiedeman, features writer at new york magazine, and i just wrote the magazine's latest cover story about how the extended kennedy family is dealing with rfk jr. ask me anything! after robert f. kennedy jr. was confirmed as secretary of health and human services in february, we wanted to understand how the most famous family in democratic politics was dealing with the fact that one of them was suddenly serving the trump administration as it went after many of the institutions the family had helped build over decades. our [latest cover story]( tries to understand that dynamic, as well as who the kennedy family even is in 2025. (my colleagues made this [handy family tree and infographics]( to help.) i spent much of the past six months talking to some of the more than 100 kennedys living today, as well as people who have known and worked with them over the decades. many members of the family didn’t want to talk to me—or would only do so off the record—but all of the conversations helped me understand the complications that come with being part of a famous family suddenly made infamous in a new and unexpected way, and how they are all thinking about their place in modern american politics and society. as it often has, the story of the kennedy family has plenty to tell us about america today. ask me anything about how i reported this story and how a magazine cover comes together; the makeup of the modern kennedy family and the kennedys’ place in american politics today; and how they’re reacting to rfk jr. i’ll be on around 12 p.m. et to answer your questions. proof: [ >the ama is now over; that’s all for me! thanks everyone for joining today and for reading the piece.",politics,neutral,neutral,neutral,neutral
1qcsrsr,politics,"i’m grace panetta, a political reporter for the 19th news. ask me anything! update: hey, y'all! that's all i have time for today but really appreciate the questions and will try to wrap everything i didn't get to into my future reporting (which you can follow [here]( \---------- we’re a few weeks into this new year and news and u.s. politics have already been moving at an overwhelming pace. and all of it just the beginning of a midterm election year with key races up and down the ballot in states across the country. beyond some of the key names and seats we’ll be keeping a close eye on how folks in power, and seeking it, are discussing issues like the economy, abortion access, immigration, caregiving and so much more. i’ll be following things all over the country after covering notable elections in [virginia]( and [new jersey]( and previewing races from [maine]( to [texas]( to [iowa]( and beyond. and that of course will be mixed in with the latest actions of the trump administration as we move into the second year of his second term. what are your questions about where things stand politically, early in 2026? are there particular issues or candidates you’re following or want to know more about? just curious about our work and what we’re watching this year? ask me! proof: [",politics,neutral,neutral,neutral,neutral
1rbelbt,Conservative,student who punched another student holding pro-ice sign at lake zurich high school received 2-day suspension,Conservative,negative,negative,negative,negative
1lrqxtz,PoliticalDiscussion,"what evidence is there to support or discredit the idea that the trump administration leans authoritarian? edit: hey all, i really appreciate the comments but what i’m hoping for is *sources* to back them up. if you claim that an event happened or an individual said something, please provide a link to show it, as that builds a stronger case. thanks! original post: i’m currently reading *how democracies die* by steven levitsky and daniel ziblatt, which is a great book, and in it they reference political scientist [juan linz’s]( “ ‘litmus test’ for identifying antidemocratic politicians” (chapter 1, pages 21-24 specifically). linz proposed this test, but didn’t fully develop it, back in the 1970s, and it attempts to provide an object measure for identifying any politician who has authoritarian / antidemocratic behavior. before we get into that though, i’ll take a minute to explain the purpose of this post. these days, there’s a fire hose of news and information each day about happenings in america. this tends to be overwhelming, but also can cause specific events to become forgotten by the onslaught of the next day’s new events; without a significant amount of evidential backing, it can be difficult or frustrating to see the broad picture of what’s happening on a federal level (without significant evidence, claims that any administration leans authoritarian can be brushed off as mere fearmongering). i’m hoping to make this post a hub for organizing and discussing information that either discredits the idea of the trump administration leaning authoritarian, or otherwise supports it by specifically using linz’s criteria as an objective measure. in an attempt to do this in an organized way, i’ve listed the categories of linz’s test below (1, 2, 3, 4) along with each’s criteria (a, b, c, d). all are listed here in the main post for easy reading, but i’ve copied each of these points and posted them as individual comments below too. feel free to have general discussions as separate comments on this post, but if you feel like you have an example that does meet one of the criteria then please post it under my appropriately corresponding comment (for example, if you feel like there's an instance when trump or his administration sponsored or encouraged mob attacks on opponents, post a link evidencing it specifically under my comment labeled 3.b). for the sake of having higher odds of lesser biased and more accurate sources, when citing a media source i would ask that you please use the [ad fontes media]( bias chart as a guide for selecting credible sites. if you do not view the current trump administration as leaning authoritarian, please post links supporting that idea or otherwise point out how a cited example doesn’t violate the respective criteria (doing this would by its very nature ‘make’ a case that the administration is not authoritarian through lack of supporting evidence). now that all of that’s out of the way, here are the four categories of linz's test, along with each’s criteria: **1) rejection of (or weak commitment to) democratic rules of the game.** **a)** do they reject the constitution or express a willingness to violate it? **b)** do they suggest a need for antidemocratic measures, such as canceling elections, violating or suspending the constitution, banning certain organizations, or restricting basic civil or political rights? **c)** do they seek to use (or endorse the use of) extraconstitutional means to change the government, such as military coups, violent insurrections, or mass protests aimed at forcing a change in the government? **d)** do they attempt to undermine the legitimacy of elections, for example, by refusing to accept credible electoral results? \- **2) denial of the legitimacy of political opponents.** **a)** do they describe their rivals as subversive, or opposed to the existing constitutional order? **b)** do they claim that their rivals constitute an existential threat, either to national security or to the prevailing way of life? **c)** do they baselessly describe their partisan rivals as criminals, whose supposed violation of the law (or potential to do so) disqualifies the from full participation in the political arena? **d)** do they baselessly suggest that their rivals are foreign agents, in that they are secretly working in alliance with (or the employ of) a foreign government – usually an enemy one? \- **3) toleration or encouragement of violence.** **a)** do they have ties to armed gangs, paramilitary forces, militias, guerrillas, or other organizations that engage in illicit violence? **b)** have they or their partisan allies sponsored or encouraged mob attacks on opponents? **c)** have the tacitly endorsed violence by their supporters by refusing to unambiguously condemn it and punish it? **d)** have they praised (or refused to condemn) other significant acts of political violence, either in the past or elsewhere in the world? \- **4) readiness to curtail civil liberties of opponents, including media.** **a)** have they supported laws or policies that restrict civil liberties, such as expanded libel or defamation laws, or laws restricting protest, criticism of the government, or certain civil or political organizations? **b)** have they threatened to take legal or other punitive action against critics in rival parties, civil society, or the media? **c)** have they praised repressive measures taken by other governments, either in the past or elsewhere in the world?",PoliticalDiscussion,neutral,neutral,neutral,neutral
1nqdwow,politics,"i’m eric garcia, washington bureau chief and senior correspondent for the independent, who is also the author of we’re not broken: changing the autism conversation. i’ve been covering the trump administration’s fear-mongering around autism. ama! **update: that is all the time i have today. thank you all for the thoughtful questions! i really appreciate your insight and look forward to more amas in the future!** i'm the washington bureau chief and senior correspondent at [the independent]( covering the white house, congress, campaigns and money in politics. i was diagnosed with autism in the 1990s and have been travelling around the country for years interviewing autistic people about their experiences, which are chronicled in my book *we’re not broken: changing the autism conversation*. i am also the recipient of the autistic self advocacy network's harriet mcbryde johnson prize for nonfiction writing. in the years since the anti-vaccine panic that kennedy elevated, we have seen an improvement in how society views autistic people. but the trump administration is putting that progress at risk. by spreading claims that vaccines and tylenol use during pregnancy cause autism, the administration is implying that autism is something to be feared and eliminated. in addition to trump and rfk jr’s recent announcement around acetaminophen, the administration said that the fda would establish leucovorin, a type of folic acid, as the “first recognized therapeutic treatment for children with certain types of autism spectrums.” medical evidence for the fda's new recommendation was not immediately provided. you can find all of my coverage [here]( **all that said, feel free to ama about autism and these issues! i will begin answering questions at 3 p.m. et.** **here are some links to stories that may be useful:** i was lucky to be diagnosed with autism before rfk jr.’s claims. these families will face far more fear and stigma [ trump and rfk jr claim tylenol is linked to autism. here’s why scientific experts say that’s a lie [ university funding is shrinking under trump’s white house. researchers fear this will propel rfk jr’s autism conspiracies [ what it’s like watching rfk jr.’s hearing with his biggest fans as an autistic person [ what do republican doctors really think of rfk jr? i asked them [ my socials: [ proof: [",politics,positive,neutral,positive,positive
1r6kcz3,politics,republicans pushing to punish teachers over student walkouts against ice,politics,negative,negative,negative,negative
1rhrnkx,politics,how the world has reacted to us and israeli strikes on iran,politics,neutral,neutral,neutral,neutral
1jc3xai,politics,trump orders strikes on iran-backed houthi rebels in yemen and issues new warning,politics,negative,negative,negative,negative
1kgej89,politics,oklahoma will teach high school students debunked 2020 election-fraud theories as fact. the new academic standards promote u.s. president donald trump and his allies' groundless 2020 election conspiracy theories.,politics,negative,negative,negative,negative
1rj5uoq,politics,us and israeli interests may soon diverge on iran,politics,neutral,neutral,neutral,neutral
1r9y3hw,politics,"megathread: supreme court strikes down president donald trump's tariff policy the u.s. supreme court ruled friday in [learning resources, inc. v. trump]( that the international emergency economic powers act (ieepa) ""does not authorize the president to impose tariffs."" the roberts decision is joined by justices sotomayor, kagan, gorsuch, barrett, and jackson, with justices thomas, kavanaugh, and alito dissenting. relevant text-based live update pages are being maintained by the following outlets: [ap]( [scotusblog]( [nbc]( [cnbc]( and [yahoo finance]( --- see also, if interested: [discussion thread: president trump holds press conference responding to supreme court striking down most tariffs]( --- ##submissions that may interest you submission | domain ---|---- [supreme court rejects trump's tariffs as illegal import taxes]( | latimes.com [supreme court strikes down trump’s global tariffs]( | wsj.com [supreme court strikes down trump’s authority to impose sweeping tariffs – nbc4 washington]( | nbcwashington.com [supreme court strikes down trump’s authority to impose sweeping tariffs]( | nbcmiami.com [us supreme court rejects trump's global tariffs]( | reuters.com [supreme court strikes down trump's tariffs : npr]( | npr.org [supreme court strikes down trump's tariffs in major setback for president]( | usatoday.com [in rare rebuke of trump, supreme court strikes down tariffs]( | washingtonpost.com [supreme court slaps down $175 billion worth of trump tariffs as unconstitutional]( | fortune.com [supreme court strikes down trump’s sweeping tariffs, upending central plank of economic agenda]( | bostonglobe.com [us supreme court rules trump exceeded powers in imposing tariffs]( | ft.com [supreme court strikes down trump’s tariffs]( | thetimes.com [supreme court strikes down bulk of trump’s tariffs]( | thehill.com [supreme court says trump global tariffs are illegal]( | axios.com [u.s. supreme court finds trump overstepped authority in imposing tariffs under emergency law]( | cbc.ca [supreme court hands trump stunning loss over tariffs]( | newrepublic.com [u.s. supreme court rejects trump’s global tariffs]( | ctvnews.ca [supreme court strikes down trump’s sweeping tariffs, upending central plank of economic agenda]( | apnews.com [supreme court strikes down most of trump's tariffs in a major blow to the president]( | nbcnews.com [supreme court strikes down trump tariffs]( | cnbc.com [trump’s global tariffs struck down by us supreme court]( | bloomberg.com [supreme court rules that trump’s sweeping emergency tariffs are illegal]( | cnn.com [supreme court slaps down trump and his tariffs]( | huffpost.com [supreme court strikes down trump’s tariffs]( | politico.com [trump overstepped executive power by imposing tariffs, supreme court rules]( | theguardian.com [supreme court invalidates most of trump's tariffs]( | abcnews.com [chief justice humiliates trump with brutal tariffs verdict]( | thedailybeast.com [supreme court strikes down trump's sweeping tariffs]( | pbs.org [trump dealt huge tariff blow as supreme court rules them illegal — and us may be forced to pay back billions]( | nypost.com [trump’s options after the supreme court said his tariffs are illegal]( | bloomberg.com [the supreme court strikes down trump's 'liberation day' tariffs]( | qz.com [supreme court blocks tariffs hours after trump bragged they wouldn’t]( | rollingstone.com [supreme court rules most trump tariffs illegal in major setback for economic agenda]( | cbsnews.com [the ""alternative scenario"" of an even bigger national debt disaster is in play after the supreme court ruled trump's tariffs illegal]( | fortune.com [7 key things to know about trump's tariffs after the supreme court decision]( | npr.org [kavanaugh warns of fallout from supreme court tariff ruling]( | newsweek.com [supreme court trump tariffs ruling could put u.s. on hook for $175 billion in refunds, estimate says]( | cnbc.com [supreme court trump tariff decision impact: what to expect as fight for billions in refunds begins]( | cnbc.com [trump claims backup plan after supreme court shoots down tariffs]( | newrepublic.com [supreme court trump tariff decision impact: what to expect as fight for billions in refunds begins]( | cnbc.com [the moment trump found out the supreme court killed his tariffs]( | wsj.com [supreme court rules most of donald trump's tariffs are illegal]( | wired.com [why a republican supreme court struck down trump’s tariffs]( | vox.com [trump’s global tariffs struck down by us supreme court]( | news.bloomberglaw.com [warren calls for tariff refund for consumers after supreme court ruling]( | thehill.com [gop sen. john curtis praises supreme court ruling against trump tariffs]( | thehill.com [trump plans to impose tariffs a different way after supreme court loss]( | nytimes.com [‘tariffs suck’: some republicans privately celebrate as supreme court blocks trump policy]( | foxnews.com [watch: trump speaks after supreme court strikes down tariffs]( | cnbc.com [supreme court strikes down tariffs]( | scotusblog.com [trump announces new 10% global tariff after raging over supreme court loss]( | cnbc.com [trump rages that his own supreme court picks are ‘disgrace to the nation’ after 6-3 ruling against his tariff power]( | independent.co.uk [trump rages at 'fools and lapdogs' after supreme court strikes down his tariffs]( | huffpost.com [trump accuses supreme court justices of disloyalty for declaring his tariffs illegal]( | democracydocket.com [trump calls supreme court justices who ruled against tariffs ‘disloyal’]( | thehill.com [trump orders temporary 10% global tariff to replace duties struck down by us supreme court]( | reuters.com [trump lashes out at supreme court justices — and plows ahead with a new round of tariffs]( | businessinsider.com [trump calls supreme court justices who struck down his tariffs ""disgrace to our nation"" and vows fresh duties under other laws]( | fortune.com [trump launches new 10 percent global tariff after supreme court ruling]( | politico.com [trump announces new 10% global tariff after raging over supreme court loss]( | cnbc.com [spitting-mad trump vows to defy scotus with wild new tariff war - the president also lashed out at the conservative justices who voted to slap down his signature policy.]( | thedailybeast.com [trump to sign new 10% global tariff after supreme court defeat]( | nypost.com [the supreme court’s ruling on tariffs marks a turning point]( | bloomberg.com [‘victory for the american people’: mike pence applauds supreme court decision on trump tariffs]( | nj.com [trump calls supreme court justices 'disloyal to the constitution' over tariffs ruling]( | nbcnews.com [trump attacks supreme court justices after he is handed a major tariff loss]( | politico.com [trump threatens 10% global tariffs and rails against supreme court justices]( | theguardian.com [will americans get refunds after trump's tariffs were overturned by the supreme court?]( | cbsnews.com [trump seethes over supreme court justices who opposed him on tariffs, especially those he appointed]( | apnews.com [trump attacks conservative supreme court justices who blocked tariffs]( | newrepublic.com [illinois gov. jb pritzker sends bill for $8.68 billion refund to trump after supreme court tariffs ruling]( | cbsnews.com [trump to impose global 10% tariff after supreme court loss]( | axios.com [trump imposes new tariffs to sidestep supreme court ruling]( | wired.com [democrats demand that trump issue $1700 tariff refunds to americans after supreme court ruling]( | businessinsider.com [takeaways: supreme court stands up to donald trump on emergency tariffs - cnn politics]( | edition.cnn.com [johnson says congress, administration will 'determine the best path forward' after scotus tariff ruling]( | thehill.com [after the supreme court's ruling on tariffs, companies line up for refunds]( | npr.org ['embarrassment to their families'; trump denounces supreme court justices after tariff ruling]( | reuters.com [in tariff case, supreme court justices bicker over treating trump and biden differently]( | nbcnews.com [republicans breathe sigh of relief as supreme court axes trump tariffs]( | thehill.com [the u.s. supreme court struck down trump’s tariffs. now comes the hard work of issuing refunds]( | ctvnews.ca [most americans approve of the supreme court striking down trump's tariffs]( | today.yougov.com [majority of americans approve of supreme court's ruling on trump tariffs]( | thehill.com [trump calls scotus tariffs decision 'deeply disappointing' and lays out path forward - he said he would sign an executive order later friday to continue certain tariffs under alternative authorities]( | npr.org",politics,negative,neutral,negative,negative
1mb5wyq,PoliticalDiscussion,"congress has the power of the purse per the constitution. what’s the pushback here? i read this article in the wsj this morning all about how senator collins is having to push back hard on the office of management and budget and them not spending appropriated money. the tldr. the office of management and budget is basically giving the middle finger to congress in regards to spending. congress is appropriating money, which is their right, and omd is simply ignoring the laws to spend it. this article was easily the most alarming article i’ve read in a while regarding norms, the law and precedent. and let me make it crystal clear. this isn’t just me calling out the gop. imagine if a democrat admin simple said “we’re not going to spend what congress allotted to defense this year.” i would be just as frustrated. i am all for spending less, and that starts with congress. not some executive branch office simply saying “we’re not going to do what congress has instructed us to do.” where or what is the pushback here? it seems like the constitution is pretty clear on where this power resides. here are a few quotes. “the standoff is approaching a pivot point. funds that expire in september have been held up, often without the required notification to congress. funds for the national institutes of health, the national aeronautics and space administration and foreign aid are among those at risk.” “the congressional government accountability office has the power to file a lawsuit to force the release of money. it has only ever done so once before, in the 1970s. the gao has opened about 50 investigations into the trump administration’s funding freezes and told lawmakers that the omb hasn’t been responsive. this past week, it found that the trump administration had illegally withheld money for head start, the early-childhood education program.” “vought quickly reasserted himself. in march, the omb refused to follow a requirement to spend all of the $12.4 billion in money designated as emergency funds. the law explicitly said that the white house had to spend all or none. “it is incumbent on all of us to follow the law as written—not as we would like it to be,” collins wrote in a letter with her democratic committee counterpart.” “that same month, vought stopped publishing data on a website showing the pace at which money was being allotted to various agencies consistent with annual spending laws.”",PoliticalDiscussion,negative,negative,negative,negative
1jd6cns,PoliticalDiscussion,"as the trump administration violates multiple federal judge orders do these issues form a constitutional crisis? [us deports hundreds of venezuelans despite court order]( [brown university professor is deported despite a judge’s order]( there have been concerns that the new administration, being lead by the first convicted criminal to be elected president, may not follow the law in its aims to carry out sweeping increases to its own power. after the unconstitutional executive order attempting to end birthright citizenship, critics of the trump administration feared the administration may go further and it did, invoking the alien enemies act to deport over 200 venezuelans, a country the us is not at war with, to el salvador, a country currently without due process. does the trump administration's violation of these two judge orders begin a constitutional crisis? if so what is the supreme court likely to do?",PoliticalDiscussion,negative,negative,negative,negative
1jku6mw,PoliticalDiscussion,"what are your thoughts on the bombings discussed in the recent yemen group chat leak? as most people are aware, the trump administration has recently been embarrassed after a mishap with the messaging app signal. they were using the app to discuss a bombing in yemen. however, national security advisor mike waltz accidentally added the editor in chief of the atlantic to the conversation. the trump administration is currently in damage control. they are fending off attacks from the democrats, while trying to minimize the significance of the mistake. one of their common refrains is that people should be focusing on the success of the mission. they say their critics are focusing on a small mistake, while ignoring the good work they're doing in yemen. yemen often doesn't get much attention in the media. if not for this recent controversy, the bombings would likely not have been as widely reported. the trump administration is arguing that we're not talking enough about the bombing at the heart of the story. very well then, let's talk about yemen. **the recent history of yemen** yemen is an impoverished and war torn country. they've been in a long running civil war. for several years, saudi arabia was embroiled in this conflict after backing a particular side in the civil war. this was a brutal conflict that had catastrophic humanitarian consequences in yemen. there was a significant amount of death, disease, and famine in the country. during this conflict, the us provided military and logistical support to saudi arabia. certain yemeni fighters received support from iran. in 2022, there was a ceasefire between saudi arabia and yemen. this ceasefire was strongly supported and diplomatically pushed for by the biden administration. as of now, the civil war is still unresolved, but has entered a low intensity phase. after the recent israel-hamas conflict, yemeni fighters began launching rockets at ships passing though the red sea. they have also launched rockets at israel. **what are your opinions on the recent us bombings?** as shown in the recent signal conversation, the trump administration has taken a more adversarial stance towards yemen, and they are bombing the country. the conflicts in yemen are messy and controversial. is it good for the us to be bombing the country? is it necessary for the security of the region? what are the humanitarian implications? in the attack, the us destroyed an apartment building in order to kill a significant yemeni rebel. there were a number of civilian casualties. is this collateral damage acceptable? what are your thoughts on yemen? what should be the us approach to the country? what conclusions can we draw about how the trump administration is likely to approach this region?",PoliticalDiscussion,negative,negative,negative,negative
1rka6oo,politics,trump news at a glance: rubio and his boss can’t seem to agree on why us attacked iran,politics,negative,negative,negative,negative
1r6mmgo,politics,attorney general paxton launches investigations into three texas school districts over students protesting ice | paxton said his office is examining claims that administrators and faculty helped organize the demonstrations.,politics,negative,negative,negative,negative
1npqsfb,PoliticalDiscussion,"is the american population beginning to turn on trump? several prominent anti-trump voices have recently publicly stated that they think that the nation has hit a turning point because of the recent events in the past week. robert reich expressed his views in a substack article entitled ""the sleeping giant is awakening"" (it won't let me link a sub stack article, you'll have to google it). reich argues that trump’s blatant authoritarian behavior over the course of a week — suing the new york times, attacking reporters, cheering censorship, threatening to pull network licenses, and demanding prosecutions of rivals — has finally gone too far for many americans. the backlash, seen most clearly in the massive disney boycott and trump’s falling poll numbers, shows the public is no longer just grumbling but actively resisting. reich believes this marks the “sleeping giant” of american democracy awakening, as it has in past crises like mccarthyism, civil rights, vietnam, and watergate. historian heather cox richardson agreed with reich in her semi-weekly [politics chat live stream]( citing similar examples while also emphasizing that his poll numbers are trending downward — including approval on his performance with the economy, immigration, among other areas. she also cites how several notable right-wing figures used their platform to speak out against trump's infringements on the first amsnsmen— noting that the struggle is becoming the american people vs. an increasingly authoritarian government, rather than left vs. right. do you agree with these perspectives? do they align with what you experience in your day-to-day lives? what are your overall thoughts?",PoliticalDiscussion,negative,negative,negative,negative
1lf5axh,PoliticalDiscussion,"do you think the american involvement in iran is coming, as the discussion now is on the formalities? and what will be the impact? [trump presses aides on whether bunker-buster plan to bomb iran will work]( despite the unpopularity of the intervention against iran with more than 45% oppose airstrikes on iran in a poll done by wb, still the trump base is supporting a strike, according to the same poll. the discussion now is what to target using which weapon and would it be effective to achieve the set objective. the use of the bunker buster 30k pound bomb is on the edge especially that it hasn't been used in the battlefield before and will it destroy the fordow site or not? it seems that the conditions have been set for an american military intervention, dragged by the netanyahu mainly, with common interest of course. it may be a matter of time despite the warning from russia and china. given the russian and chinese interest in the region, will this be a big miscalculation? what will the day after the attack on the iranian sites by the us look like?",PoliticalDiscussion,negative,negative,negative,negative
1n6nhqj,politics,"discussion thread: us house and senate sessions on september 2nd, 2025 the house c-span stream is scheduled to start at 2 p.m. eastern and is described as: ""the house returns from its summer work period for legislative business. members will consider several foreign policy bills under suspension of the rules including legislation to codify the president's executive order to reform foreign military sales."" the senate c-span stream is scheduled to start at 3 p.m. eastern and is described as: ""the senate returns from its summer state work period for legislative business. senators will vote on whether to advance 2026 defense programs and policy legislation. 60 votes will be needed."" **news and analysis** - nbc: [a shutdown fight and epstein drama await as congress returns to washington | the government runs out of money sept. 30. and other fights are brewing over the epstein files, trump's nominees and a consequential senate rules change eyed by republicans.]( - the independent: [republican thomas massie gets the ball rolling on release of epstein files as congress returns to dc | massie says he’s confident discharge petition can reach required 218 signatures to pass]( **live updates** text-based live updates are being provided by: [ap]( [abc]( [nbc]( and [cnn]( **where to watch** - c-span: [u.s. house of representatives - september 2, 2025]( - c-span: [senate session - september 2, 2025](",politics,neutral,neutral,neutral,neutral
1lfqdh3,PoliticalDiscussion,"could u.s. involvement in iran trigger a larger global war? this post is speculative and is not intended to fearmonger. president donald trump has stated that he has an attack plan ready for iran’s nuclear enrichment facility and will decide within the next two weeks whether to authorize a strike. israel supposedly needs the u.s. to carry out the strike because it lacks the bunker-buster bomb and other equipment necessary to destroy the facility on its own. a u.s. strike could be the first—and possibly the last—direct military action against iran’s nuclear infrastructure, or it could be the event that triggers a larger regional war. depending on how iran and its allies respond, any strike could escalate tensions in the region and potentially draw in other western allies alongside the u.s. and israel. if the situation in iran spirals into a larger conflict, it raises the question: could this instability open the door for china to make a move on taiwan? china has been vocal about its goal of reclaiming taiwan and has ramped up military pressure on the island in recent years. taiwan also plays a critical role in the global economy due to its dominance in semiconductor manufacturing. given western reliance on taiwan’s semiconductor industry—and the fact that taiwan is a democracy—do you think we could see direct nato combat assistance in the event of a chinese invasion? with all that said, could broader conflict in the middle east or east asia push nato toward deeper involvement in ukraine? while nato has provided extensive military and financial aid, it has been reluctant to deploy troops in order to avoid a larger war. but if other conflicts involving western interests were to erupt, could this chain reaction lead to direct involvement in ukraine as well? at what point do the flashpoints in iran, israel, taiwan, and ukraine begin to resemble the kind of global alignment that historically preceded world wars? the transition from world war i to world war ii involved a cascading series of alliances, territorial changes, and ideological clashes. the collapse of the ottoman empire during wwi led to british control of palestine, and the british issued the balfour declaration, which expressed support for the establishment of a home for the jewish people in palestine. after wwii, the global power structure shifted, and the u.s. and britain supported the creation of israel as a safe haven for jews following the holocaust. since then, the modern state of israel has remained entangled in ongoing regional conflicts that continue to draw in western attention. so, given the current state of affairs, it’s not unreasonable to ask: could a confrontation with iran spark a broader geopolitical chain reaction? source 1: [ source 2: [",PoliticalDiscussion,negative,neutral,neutral,neutral
1nuen1x,politics,"discussion thread: president trump events on september 30th, 2025 **news and analysis** - reuters: [hegseth slams 'fat generals,' says u.s. officers should resign if they don't support his agenda]( - bbc: [hegseth reiterates 'warrior ethos' in remarks to top us generals]( - npr: [hegseth tells top military officials pentagon's focus will be 'war fighting']( **live updates** text-based live updates are being provided by [ap]( [nbc]( [cbs]( [reuters]( [cnn]( [the new york times]( and [the washington post]( **where to watch** all times us eastern. - pbs newshour via youtube: [trump, hegseth address rare gathering of u.s. military leaders from around the world]( (8 a.m.) - pbs newshour via youtube: [trump expected to make an announcement at the white house]( (11 a.m.)",politics,negative,negative,negative,negative
1rhx340,politics,a visual guide to us-israeli strikes on iran – and tehran’s response,politics,negative,neutral,negative,negative
1qb8hs9,PoliticalDiscussion,"what is next for voters who did not participate in the 2024 elections? participation in the 2024 election was lower than in 2020 across the board by **19 million** voters. no major partisan coalition increased turnout relative to its 2020 baseline, and every group experienced some degree of voter drop-off. taken together, this indicates a broad retreat from participation rather than a shift in partisan alignment, and is consistent with dissatisfaction or disengagement in response to the options presented. for the *democrats*, the effect was most pronounced, with roughly a **15%** drop-off from their 2020 voters, amounting to on the order of **10–12 million fewer** voters who participated at all in 2024. when looking at the *republicans*, the drop-off was smaller, closer to **10–11%** of their 2020 voters, corresponding to roughly **7–8 million fewer** voters compared to trump’s 2020 coalition. while per-party nonvoter polling is limited, and most nonvoter research focuses on the roughly one-third of independents who historically participate at lower rates, existing studies still point to a general set of reasons why some people who voted in 2020 did not vote in 2024: * [lack of enthusiasm for the candidates or choices available.]( pew research found that a substantial share of nonvoters said they did not like the candidates or felt unmotivated to participate in the election. * [belief that voting would not meaningfully change outcomes.]( pew also reports that many nonvoters cited believing their vote would not make a difference or feeling disengaged from politics as a primary reason for abstaining. * [economic dissatisfaction, especially around cost of living.]( post-election polling of people who voted for biden in 2020 but did not vote in 2024 found that concerns about inflation, housing costs, and economic insecurity were common reasons for disengagement. * [leadership or confidence concerns about the democratic ticket.]( the same post-election surveys cited by the american prospect show that some 2020 democratic voters who sat out 2024 pointed to doubts about leadership effectiveness or confidence in the campaign as factors in their decision. * [general disengagement and political fatigue rather than organized protest voting.]( across multiple surveys, nonvoters more often described their decision as disengagement, frustration, or lack of connection to the political system, rather than a deliberate protest strategy. while it’s still early to draw firm conclusions about long-term trends, the 2025 off-year and special elections showed several instances where democratic candidates outperformed their 2024 presidential margins in specific contests, and where democratic control was maintained or expanded in state and local government. for example, democrats flipped a pennsylvania state senate seat that trump carried in 2024, and they held or expanded state trifectas in virginia and new jersey. however, these contests had much lower turnout than presidential races and are not directly comparable to national participation levels, so any interpretation about broader re-engagement should be cautious and contextual. that leaves an open question heading into the 2026 midterms and the 2028 general election: what role will the voters who chose not to participate in 2024 ultimately play? are these voters temporarily disengaged and therefore likely to return under different conditions, or does the 2024 drop-off point to more persistent disengagement? to what extent can the factors cited in 2024 realistically be addressed through policy outcomes, candidate selection, or campaign strategy, and at what point should continued non-participation be treated as a durable constraint rather than a short-term anomaly? edit: please try to avoid injecting your own takes on the 2024 election and rather engage in speculative discussion of what we think will happen going back into 2028.",PoliticalDiscussion,negative,negative,negative,negative
1lbaya0,politics,"megathread: two minnesota lawmakers have been shot state rep. melissa hortman and her husband were shot and killed. state sen. john hoffman and his wife were both shot multiple times and underwent surgery. # articles that may interest you | submission | domain | |-----------------------------------------------------------------------------------------------|-------------------| | [minnesota gov. tim walz: former house speaker and husband killed in politically motivated shooting]( | apnews.com | | [one minnesota state politician dead, another injured after targeted shooting, officials say]( | bbc.com | | [""no kings"" event canceled in ne minneapolis, anoka after targeted shootings at lawmaker homes]( | cbsnews.com | | [minnesota lawmaker, her spouse shot and killed in their home]( | wwnytv.com | | [minnesota lawmaker killed in ‘politically motivated assassination,’ gov. tim walz says]( | cnbc.com | | [melissa hortman, top democrat in minnesota house, shot and killed in home]( | startribune.com | | [rep. melissa hortman killed, sen. john hoffman shot in 'targeted' shootings: sources]( | fox9.com | | [minnesota lawmaker assassinated, another in grave condition in 'targeted political violence']( | abcnews.go.com | | [democratic lawmaker killed and another wounded in minnesota in apparently ‘politically motivated’ attacks]( | theguardian.com | | [minnesota lawmaker and husband killed, another in hospital after ‘politically motivated’ shooting by man impersonating cop]( | the-independent.com | | [live: rep. melissa hortman killed, sen. john hoffman shot in ‘targeted shootings’]( | startribune.com | | [democrat lawmakers shot in minnesota: what we know]( | newsweek.com | | [minnesota state lawmaker killed in ‘politically-motivated assassination,’ massive manhunt for suspect underway, officials say]( | kten.com | | [2 minnesota lawmakers shot]( | kare11.com | | [speaker emerita melissa hortman, husband shot and killed; sen. john hoffman and wife also shot]( | ktsp.com | | [minnesota gov. tim walz press conference after shootings at lawmakers homes (june 14, 2025)]( | youtube.com | | [former state speaker of minnesota ‘assassinated’]( | thetimes.com | | [fake cop murders top state dem and husband and shoots second]( | thedailybeast.com | | [minnesota senator john hoffman and state rep. melissa hortman shot at their homes]( | bnonews.com/ | | [speaker emerita melissa hortman, husband shot and killed; sen. john hoffman and wife also shot]( | kstp.com | | [minnesota gov. tim walz: state lawmaker, husband killed in politically targeted shooting]( | thestar.com | | [governor polis statement on assassination of minnesota elected official & husband, and attempt on life of another elected official & family]( | colorado.gov | | [president donald trump: ag, fbi investigating deadly minnesota shooting]( | newsweek.com | | [officials tell the ap they are searching for a 57-year-old man in shooting 2 minnesota lawmakers]( | apnews.com | | [manhunt underway for man accused of killing rep. hortman, husband and shooting sen. hoffman and his wife in north metro]( | ktsp.com | | [former appointee of tim walz sought in deadly shootings of minnesota lawmaker and her husband, had ‘no kings’ flyers in car: sources]( | nypost.com | | [dem assassin is armed patrol firm boss with ‘warzone’ claims]( | thedailybeast.com | | [minnesota assassination suspect had flyers reading 'no kings' in vehicle]( | newsweek.com | | [democratic minnesota politician fatally shot, another injured in 'politically motivated assassination']( | nbcnews.com |",politics,negative,negative,negative,negative
1jtp17u,politics,"discussion thread: congressional democrats hold meeting on the trump administration agenda the meeting stream is scheduled to start at 3:30 p.m. us eastern. **news and analysis** - nbc: [out of power in congress, democrats spotlight trump's justice department with 'shadow hearing' | the event features justice department employees who either resigned or were fired in the first few months of the trump administration.]( **where to watch** - c-span: [congressional democrats hold meeting on the trump administration agenda](",politics,neutral,neutral,neutral,neutral
1klg2as,PoliticalDiscussion,"why are immigrants across the west increasingly voting for rightwing parties? the realignment as it's happening in the [united states]( >**trump's return to power fueled by hispanic, working-class voter support** > >donald trump reshaped the u.s. electorate once again this year, piling up support among hispanic voters, young people, and americans without college degrees -- and winning more votes in nearly all of the country as he reclaimed the presidency. > >following the republican's populist campaign, in which he promised to shield workers from global economic competition and offered a wide range of tax-cut proposals, trump's increasing strength among working-class voters and nonwhite americans helped grow his share of the vote almost everywhere. > >the starkest increase may have been the 14-percentage-point swing in trump's share of hispanic voters, according to an exit poll conducted by edison research. some 46% of self-identified hispanic voters picked trump, up from 32% in the 2020 election when trump lost to democrat joe biden. > >hispanics have largely favored democrats for decades, but trump's share this year was the highest for a republican presidential candidate in exit polls going back to the 1970s, and just higher than the 44% share won by republican george w. bush in 2004, according to data compiled by the american enterprise institute, a conservative think tank. in [canada]( >**why are so many second-generation south asian and chinese canadians planning to vote conservative?** > >after months of political decline, the liberal party of canada is showing signs of recovery, buoyed, some suggest, by a surge of national pride in the face of donald trump’s tariff war and threats to canadian sovereignty. > >but this apparent rebound obscures a more surprising political shift: the growing appeal of the conservative party of canada (cpc) among immigrants and their children. > >traditionally, immigrant and visible minority communities have supported the centrist liberal party. in the greater toronto area (gta), where over half of all residents identify as “visible minority” (the category used by statcan), chinese and south asian canadians have long formed a key part of the liberal base. > >yet recent polling tells a different story. an october 2024 survey found that 45 per cent of immigrants had changed their political allegiances since arriving in canada, with many now leaning conservative. > >meanwhile, another national survey from january 2025 found that a majority of east asian (55 per cent) and south asian (56 per cent) respondents expressed support for the conservative party, far outpacing support for the liberals or the ndp. in [new zealand]( >**neighborhood stereotypes and recent voting patterns in auckland, new zealand** > >west auckland includes another electorate that supported labour in 2023, kelston, although it did so by a relatively thin margin. some of its stereotypes – such as “p-labs” (meth labs) and “tongans” – indicate the presence of rough neighborhoods and of a large polynesian immigrant community. to its north is te-atatu; noted for its low- and medium-cost housing. > >another western electorate that switched from labour to national in 2023 is new lynn. based on the stereotypes applied to it, such results are surprising. such tags as “faint whiff of pot,” “hippies,” “potters,” and “artisany type people,” would suggest a decidedly left-leaning population. and that is its historical norm. as the non-updated wikipedia article on the electorate notes, “it has always been held by members of the labour party.” but in 2023, the national party triumphed in new lynn both in the party-list vote and the electorate vote, albeit by relatively thin margins. intriguingly, its new mp, paulo reyes garcia, is an immigration lawyer originally from the philippines. > >the southwestern part of northern auckland, the northcote and upper harbour electorates, is a mid-income area noted for its asian immigrants. such features are indicated by three prominent labels on the stereotype map: “very average,” “koreans,” and “chinatown” (although northcote also includes an area that is evidently populated by “artists too cool for cityside”). upper harbour, with its “depressing suburbs,” “car yards,” and “koreans” saw a particularly sharp drop in support for labour from 2020 to 2023. in [britain]( >**britain’s new swing voters? a survey of british indian attitudes** > >the data show that while a plurality of british indians self-identifies with the liberal end of the political spectrum and demonstrates a preference for the opposition labour party over the incumbent conservative party, their support for labour appears to have eroded in recent years. this shift appears to be largely driven by hindus and christians, many of whom have drifted away from the labour party, even as their muslim and sikh counterparts have remained steadfast supporters. if a fresh general election were called, british indians would likely be an important swing constituency. > >whereas 54 percent of past voters report voting for labour in 2015, that share dipped to 46 percent in 2019 and stands at 41 percent today. the conservative party, however, has not been the sole beneficiary of labour’s tribulations. while support for the conservatives grew from 37 percent in 2015 to 39 percent in 2019, it stands at 31 percent today. however, two other trends bear mentioning. first, the share of voters lending their support to third parties grew from 10 percent in 2015 to 15 percent in 2019. second, results of the snap election question indicate that third-party support is continuing to grow, while 11 percent of prior voters do not yet know how they might vote. > >an analysis of the british indian community’s voting patterns between 2010 and 2017 found that while support for labour remained relatively flat during this period (hovering above 50 percent), the share of voters supporting the conservative party grew by 10 percentage points during this period (from 30 to 40 percent). in [france]( >**a study of minority and majority groups in france, germany and the netherlands** > >voters with a background in turkey are the most likely to vote for rn in france, with a score of 3.26 (sd = 0.34). this is closely followed by christian voters, with a score of 2.78 (sd = 0.19), and french voters without a migration background, with a score of 2.78 (sd = 0.30). voters with a background in north africa come next, scoring 2.66 (sd = 0.37), followed by non-religious voters, scoring 2.56 (sd = 0.24). muslims have the lowest likelihood of voting for rn, scoring 2.25 (sd = 0.45). when considering confidence intervals, there is overlap between all groups except for voters with a background in turkey and muslims. this suggests that the difference in voting likelihood between only these two groups is statistically significant, indicating that voters with a background in turkey are more likely to vote for rn than muslims in france. although the group of french citizens with a background in turkey is small (n=87) and mostly secular. it is important to note that muslims are just as likely to vote for rn as non-religious and christian voters, as their confidence intervals overlap with those groups. this suggests that there’s no statistically significant difference in the likelihood of muslims voting for rn compared to non-religious or christian voters in france. in [germany]( >**a drastic change in voting behavior** > >between 2013 and 2018, party preferences among turkish germans underwent significant changes, which indicate that old patterns of party support broke down. between 2000 and 2013, turkish immigrants had found their political home within the spd, with twice the amount of support from the population than to any other party. however, in 2018, a huge shift occurred: support for the spd dropped to half of what was recorded in 2013, whereas intended support for the cdu jumped to 20% from turkish german voters. the results from 2018 indicate that the factors that most heavily influenced turkish german voters a decade prior may not be as influential now. in addition, it is apparent that the voting intentions of the turkish diaspora in germany are becoming increasingly similar to those of the general german electorate. > >in 2018, there was a notable shift in voting behavior from the turkish german community: the spd witnessed a drop of 35 percentage points (equaling a decrease of 50% of support), while the cdu saw growth of 14 percentage points (a 233% increase in support). the results from the 2018 federal election reveal a breakdown of old patterns of party support and indicate that the factors that most heavily influenced turkish german voters from over a decade prior may no longer be as influential. in addition, it was apparent that the voting intentions of the turkish diaspora in germany were similar to those of the general german electorate. immigrants, once a solid leftwing voting bloc, are now increasingly voting for rightwing parties across the west. why do you think this realignment is happening? do you think it will continue into the future, or will it reverse? what can be done to bring immigrant and immigrant-descended voters back into the leftwing voting bloc?",PoliticalDiscussion,negative,negative,negative,negative
1mxdnu6,politics,"we’re nyt reporters covering the effects of the trump administration’s takeover of dc. ask us anything. **from zach montague (**[**proof**]( i’m a federal courts reporter, based in washington. my reporting focuses on the legal disputes over the trump administration’s agenda and the hundreds of federal lawsuits filed since january 2025 challenging various policies and actions. i’ve covered the d.c. police retaining control after a court hearing and how ice has taken a [key role]( in trump’s crime crackdown. i’ve also written about the number of times the trump administration has been blocked by lawsuits, including with medicaid [funds]( for planned parenthood, trump’s birthright citizenship [order]( and [free speech]( on campus. **from nicholas bogel-burroughs (**[**proof**]( i’m an investigative reporter for the times’s national desk, and i’m on the ground in d.c. i’ve spent much of the last two weeks [tracking down]( what the federal agents here are doing, whether it’s recovering guns during traffic stops or trying to evict [homeless people]( i’ve also looked into what the [numbers show]( about children committing crimes in the district, and written about the man charged with assaulting a border patrol agent [with a sandwich]( all of these links are available for free, even without an nyt subscription. ask us anything about what we’re seeing on the ground, the lawsuits that have ensued, and the national implications. we’ll answer questions from 3 to 4 p.m. on friday, aug. 22. >thank you for your questions and your interest in the atmosphere in the capital. you can follow more of our reporting at nytimes.com",politics,negative,neutral,neutral,neutral
1jqs4wy,politics,jewish students chain themselves to columbia gates to protest ice jailing of mahmoud khalil,politics,negative,neutral,negative,negative
1l7h3nu,politics,700 marines on high alert to deploy to los angeles amid ice protests,politics,negative,negative,negative,negative
1pqa2ai,politics,"public trust in government: 1958-2025 the pew research center, several accredited studies by reputable institutions, and several public opinion experts have reported a consistent decline of american trust towards our government and corporate structures. a recent (2025) pew research study reports a low 17% of americans trust the government to operate under the pretenses it was built on; for ""the people."" the national election study started producing reports about the same question in the 1960s, and government trust had dropped to an all-time low by the 1980s. today, us citizen's governmental distrust is the highest it has ever been. gallup has tracked american ""trust and confidence"" in the mass-media apparatus since 1972. they found that public trust in mass media dropped from 70% in 1972 to about 31% in 2024. by september of 2025 gallup tracked 72% of the public distrusting mass media in general. the uk's mhp group polarization tracker, supported by cambridge university, has shown radical distrust in corporate structures in recent years. especially in regards to ""elites"" and mega-corporations. rutgers university's social perception lab presented a recent study showing extreme amounts of social engineering on internet platforms by bots and foreign actors (including foreign bot farms). the study shows public figures like elon musk and nick fuentes gaining major algorithm boosts, and therefore influence, by using said methods. the study even goes so far as to cite the highly probably of culpability/complicity of actors like musk and fuentes in the use of said systems to inflate their influence. the most compelling issue or dilemma presented by all of this information is: if the vast majority of the citizens of the us and the uk feel this way about their governments and mega-corporations, how come they don't do anything about it? especially in the us where citizens have the full freedom and right, protected by the government, to speak out and stand up against government malfeasance and corporate misdeeds. i've seen such events as the no king's protest(s) in the us that last a day and recurred twice since the presidency of donald trump, but it doesn't seem like that was of any affect. are people just going to wait until things get out of control and so bad that it is impossible to ignore to try and stop what is going on in these countries? are the american people going to wait until their country loses all respect and influence on a world stage before they react or do something!? sources:",politics,negative,negative,negative,negative
1l3k2o5,Conservative,massachusetts governor demands answers after ice arrests milford high school student,Conservative,negative,neutral,negative,negative
1q8dqxg,politics,"hi reddit! i’m david graham, a staff writer at the atlantic, and i published a book last year about project 2025. i’m here to discuss how much of project 2025 the trump administration has already enacted, and what might be coming up this year. ask me anything. hi everyone! as i [wrote last month]( project 2025 “stands as the single most successful policy initiative of the entire trump era.” over the past year, i’ve closely watched how the trump administration has implemented many of the policies and ideas outlined in project 2025: * donald trump has laid off hundreds of thousands of federal employees, slashed environmental regulations, disregarded key civil-rights-enforcement methods, dismantled anything that might be construed as dei, and set the agenda for aggressive immigration policies. * the white house fired line prosecutors, and trump has made disputed appointments of his own former personal attorneys to [lead u.s. attorney’s offices]( prosecutors have also brought charges against many of trump’s political foes. * the administration has dabbled in impounding funds appropriated by congress, despite a law barring this. it has also mounted a major assault on the [independence]( of [regulatory agencies]( as established by congress, and trump has fired multiple appointees, sometimes in apparent violation of law, though the supreme court has allowed him to proceed. trump’s expansion of presidential powers will allow his administration to achieve more of project 2025’s ambitions in the coming year and beyond. in this ama, i’ll answer questions about [what goals of project 2025 have been accomplished so far]( the ways in which project 2025 has not yet succeeded, and [what we could expect moving forward]( ask me anything! proof photo: [",politics,negative,negative,positive,negative
1qx301i,Conservative,schools with students protesting ice show failing academic records,Conservative,negative,negative,negative,negative
1lsq038,PoliticalDiscussion,"how, if at all, will elon musk's ""america party"" influence u.s. politics? on july 5, billionaire elon musk took to x to announce the creation of a new political party: the ""america party,"" which, in musk's words, ""actually represents the 80% in the middle."" it's certainly a bold move for musk, who, just a few months ago, donated millions of dollars to donald trump in an effort to support his presidential campaign. since then, however, musk's relationship with trump has quickly deteriorated, leading to a very public feud in which the two exchanged insults and revelations about one another. even before july 5, musk had openly mused about forming his own political party--for example, he created multiple x polls on the idea, of which each garnered over a million votes. some election pollsters went as far as to survey americans about whether they would support such a party, to which nearly one-quarter of respondents said they would be at least somewhat likely to do so. while third-parties in the u.s. have historically failed to gain significant traction, the ""america party"" seems to be polling considerably better than previous efforts. combined with musk's substantial resources, this raises questions about its potential impact on the political landscape. so, what do you think? is the ""america party"" already set up for doom (i.e.: they receive a minuscule portion of the vote), or does it have the potential to disrupt the so-called ""republican-democratic uniparty,"" as musk calls it? will it merely split the conservative vote by swaying right-leaning independents away from the gop, or could it turn the next election into a competitive three-way race? and what might this mean for democrats and others across the aisle?",PoliticalDiscussion,neutral,neutral,neutral,neutral
1r2emn1,politics,"i'm matt conroy and i'm a progressive looking to change the way government works for the people, running for us congress in il-05! ama! [ hey r/politics! my name is matt conroy. i'm a democrat running for us congress in the 5th district. il-05 encompasses a big chunk of chicago's north and northwest sides, stretching into the cook county suburbs as far as arlington heights and lake zurich. you can find out if you can vote for me [here]( the democratic primary is march 17, 2026 and my opponent is 9-term incumbent, mike quigley. throughout his political career, rep. quigley has failed to deliver a government that prioritizes working class americans, and has instead favored defense contractors, big polluters and foreign lobbyists. his votes for expanding the dod budget and funding israel's genocide in gaza have had disastrous consequences for our nation and the world at the expense of regular people. i'm confident that i can deliver a platform that prioritizes the needs of working people, from funding universal healthcare and childcare to major investments in transit infrastructure and a true living wage. my goal is to get big money out of politics and into our community while fighting corruption, up to and including prosecuting ice officials who have broken the law dozens of times just over the past 90 days. i am running a totally grassroots campaign dedicated to making bold changes that the modern world desperately needs, and i need your help to win! ask me about my positions, why i'm running, my day 1 priorities, and anything else that you can think of! if you want to check out my platform for yourself, you can do so at [ and if you're interested in helping out the campaign, you can join our fledgling discord at [ thank you so much, and i hope everyone, regardless of candidate, casts their ballot on or before march 17!",politics,positive,positive,negative,positive
1nk58ui,PoliticalDiscussion,"how did the nazi regime censor satire, cabaret, and art — and what does that tell us about silencing political humor today? most people know about the “degenerate art” campaign, but the nazi regime also systematically targeted satire and cabaret. clubs like *die katakombe* in berlin were forced to close, and performers such as paul o’montis and fritz grünbaum were banned, exiled, or sent to concentration camps. it wasn’t just paintings that were censored — humor, parody, and cabaret were considered a political threat because they mocked the regime’s absurdities. key sources if you want to dive deeper: * cambridge: *humour in nazi germany: resistance and propaganda?* [ * blesok magazine: *oppositional cabaret in nazi germany* [ * holocaust music archive: *berlin cabaret in exile* [ so my question is: * why do authoritarian systems fear comedians and satirists so much? * do you see parallels today when political humor gets restricted or targeted?",PoliticalDiscussion,negative,neutral,negative,negative
1rbcoyk,politics,a school suspended 323 students after ice protest. they protested again.,politics,negative,negative,negative,negative
1l87vk5,PoliticalDiscussion,"who is accountable for the 2025 la riots—or are several parties responsible for the situation? the 2025 la riots began as a protest against ice arrests and deportations in los angeles, but the situation has since escalated dramatically. the chaos has ranged from rioters throwing concrete at vehicles and setting fires to law enforcement using excessive force—for example, one officer even shot a news reporter with a rubber bullet, despite her clearly not posing a threat. donald trump approved the deployment of the national guard without governor gavin newsom’s permission, sparking political conflict between the two leaders. he also sent seven hundred marines to the area, although they are not expected to be on the streets until later in the week. with all that said, who do you think is in the wrong—or are multiple parties to blame? while some protesters have remained peaceful, others clearly have not. similarly, while some law enforcement officers are exercising restraint, others are clearly using excessive force. could this situation be instigated by an outside force aiming to escalate the violence? is trump justified in deploying the military without newsom’s consent, or is newsom at fault for allowing the situation to spiral while local police forces are overwhelmed? do trump’s actions reflect authoritarian tendencies, or is local leadership failing to respond firmly enough? is newsom right to sue the federal government? shouldn’t protesters be flying american flags, since the message they’re fighting for is due process and the right to remain and work in america? and finally, how can democrats and others on the left distinguish themselves as supporting the rule of law while also condemning the violence that has occurred?",PoliticalDiscussion,negative,negative,negative,negative
1ldszdp,politics,trump indicates us involved in israeli attacks on iran in social media post,politics,negative,negative,negative,negative
1p7cr9z,PoliticalDiscussion,"in the electoral college, does it make sense for a state with disaggregated electoral fusion to aggregate the votes for the elector nominees rather than the presidential ones? as i lifelong ny resident, i have never quite understood why the electoral college works the way it does here, and quite frankly i'm not sure most people are actually familiar with the intricacies of the system. i wanted to see if anyone else felt similarly? let us start out with a mathematical hypothetical. go back to 2016, and say somehow gary johnson pulled the upset of the century, winning 60% of the vote in ny to clinton's 35% (and trump's 5%). who is entitled to the state's 29 electoral votes? despite your intuition thinking that it's clearly johnson in that scenario, [that is not necessarily the case. ]( that's because of the disaggregated system of electoral fusion that ny and ct utilize. pretty much every year in ny, there are candidates that appear multiple times on the ballot, because all parties are free to nominate whoever they wish, irrespective of whether another party has nominated them already. because each party gets its own ballot line, this means that a candidate who is nominated by two different parties is listed twice on the ballot. now, in every election except for the presidential election, votes for the same candidate across multiple ballot lines are automatically added together. for the presidential election however, because voters are technically voting for a slate of electors rather than the presidential ticket directly, if two parties nominate the same candidate for president but with different slates of electors, those votes do not get combined. ergo, when johnson was nominated by the libertarian and independence parties in 2016 with two separate sets of electors, they were essentially running against each other, as he would only receive electors if he received a plurality of the vote on one of his two party lines. as then-codirector of the state boe bob brehm explained, “the 29 names of the people that are behind that ballot all need to be the same under our fusion voting system in order to aggregate the votes, so in many instances, that has taken place. except in one — the libertarian party and the independence party. both are supporting the same candidate for president and vice president. their electors are totally different, so it’s not a push vote, it’s not a vote for the same person, they are two separate items.” of course, if you simply read the ballot, there is no indication that those votes would not be aggregated the way there nominees' were. i personally find that they should instead aggregate the votes by presidential nominee, and then if there is more than one slate of electors pledged to the highest-vote-getting presidential candidate to go with their best-performing slate, but i was wondering if anyone was in favor of the current system?",PoliticalDiscussion,neutral,neutral,neutral,neutral
1r39gop,Conservative,‘you exposed him to real danger!’: father goes thermonuclear on school board after anti‐ice walkout,Conservative,negative,negative,negative,negative
1kccdec,politics,"we’re mel leonor barclay and grace panetta, political reporters for the 19th news. we’ve been reporting on politics for years and the first 100 days of the trump administration. ask us anything! this week marked 100 days of the second trump administration. at the 19th we’ve primarily been focusing on how these whirlwind three-plus months have impacted women and lgbtq+ folks and our reporters reflected on some of the biggest moments since january 20 [here]( in short: it’s been … a lot.we also both worked on stories recently looking at other parts of the fallout of some of this government chaos, with a story about how those impacts are [being felt in southern new mexico]( and a look at how shakeups at the department of homeland security are [erasing safeguards for the rights of immigrant victims]( of gender-based violence. what are your questions about where things stand 100 days into this administration? what do you want to know about how policies and orders are impacting women and marginalized folks across the country? just curious about our work and what we’re watching over the next 100 days and beyond? ask us! you can also read grace’s latest reporting [here]( and mel’s latest reporting [here]( keep up with all of our political reporting by [subscribing]( to the 19th’s daily newsletter. proof: [ & [ >that's all we have time for today! thank you all so much for your thoughtful questions. we’ll be sure to save the questions we didn’t get to and work them into our future coverage. > >you can keep up with all of our work here:",politics,negative,negative,negative,negative
1qumyue,Conservative,it’s illegal for leftist agitators to encourage high school walkouts. time to prosecute,Conservative,negative,negative,negative,negative
1opqqwu,PoliticalDiscussion,"do republicans or democrats gerrymander more? or is is about the same? with the recent passage of california proposition 50 in response to the texas redrawing district maps prior to midterm elections and debate regarding further retaliatory redistricting, e.g. govoner pritzker would [consider an illinois version of ""prop 50"" in response to indiana redistricting]( it got me wondering which party gerrymanders more on average. while some forms of gerrymandering are complex (e.g. racial gerrymandering with the voting rights act), there is [broad support against partisan gerrymandering]( despite this, it seems on the table for [ many state legislatures of both parties \(va, md, in, fl, il, ne, nh, ny, wi\)]( to answer this question, i did some very quick back-of-the-napkin math. roughly, i supposed the % of a states population that voted for for trump in the general election should roughly equate to to the % of house seats republicans won. for example, mn voted 48% for trump and republicans hold 50% (4 / 8) of house seats to congress. in contrast, 44% in il voted for trump but republicans only hold 18% (3 / 17) of seats to congress. i only included states with at least 3 house seats (as it is impossible to gerrymander states with only 1 rep and harder to gerrymander 2 reps, so ak, id, mo, nd, sd, wv, wy, dl, hi, nh, ri, vt are excluded). state | trump votes in genera election | harris votes in general election | current r house seats | current d house seats | ""ideal"" r seats (% voted for trump * state total house seats, rounded) | ""ideal"" d seats (% voted for harris * total state house seats, rounded) | democract disadvantage or advantage (real seats - ""ideal"" seats) -|-|-|-|-|-|-|- florida | 6,110,125 (57%) | 4,683,038 (43%) | 20 (71%) | 8 (29%) | 16 | 12 | -4 texas | 6,393,597 (57%) | 4,835,250 (43%) | 25 (68%) | 12 (32%) | 21 | 16 | -4 north carolina | 2,898,423 (52%) | 2,715,375 (48%) | 10 (71%) | 4 (29%) | 7 | 7 | -3 iowa | 927,019 (57%) | 707,278 (43%) | 4 (100%) | 0 (0%) | 2 | 2 | -2 oklahoma | 1,036,213 (67%) | 499,599 (33%) | 5 (100%) | 0 (0%) | 3 | 2 | -2 utah | 883,818 (61%) | 562,566 (39%) | 4 (100%) | 0 (0%) | 2 | 2 | -2 tennessee | 1,966,865 (65%) | 1,056,265 (35%) | 7 (88%) | 1 (13%) | 5 | 3 | -2 south carolina | 1,483,747 (59%) | 1,028,452 (41%) | 6 (86%) | 1 (14%) | 4 | 3 | -2 indiana | 1,720,347 (60%) | 1,163,603 (40%) | 7 (78%) | 2 (22%) | 5 | 4 | -2 arizona | 1,770,242 (53%) | 1,582,860 (47%) | 6 (75%) | 2 (25%) | 4 | 4 | -2 wisconsin | 1,697,626 (50%) | 1,668,229 (50%) | 6 (75%) | 2 (25%) | 4 | 4 | -2 ohio | 3,180,116 (56%) | 2,533,699 (44%) | 10 (67%) | 5 (33%) | 8 | 7 | -2 georgia | 2,663,117 (51%) | 2,548,017 (49%) | 9 (64%) | 5 (36%) | 7 | 7 | -2 arkansas | 759,241 (66%) | 396,905 (34%) | 4 (100%) | 0 (0%) | 3 | 1 | -1 nebraska | 564,816 (60%) | 369,995 (40%) | 3 (100%) | 0 (0%) | 2 | 1 | -1 kentucky | 1,337,494 (66%) | 704,043 (34%) | 5 (83%) | 1 (17%) | 4 | 2 | -1 kansas | 758,802 (58%) | 544,853 (42%) | 3 (75%) | 1 (25%) | 2 | 2 | -1 mississippi | 747,744 (62%) | 466,668 (38%) | 3 (75%) | 1 (25%) | 2 | 2 | -1 missouri | 1,751,986 (59%) | 1,200,599 (41%) | 6 (75%) | 2 (25%) | 5 | 3 | -1 pennsylvania | 3,543,308 (51%) | 3,423,042 (49%) | 10 (59%) | 7 (41%) | 9 | 8 | -1 alabama | 1,462,616 (65%) | 772,412 (35%) | 5 (71%) | 2 (29%) | 5 | 2 | 0 louisiana | 1,208,505 (61%) | 766,870 (39%) | 4 (67%) | 2 (33%) | 4 | 2 | 0 michigan | 2,816,636 (51%) | 2,736,533 (49%) | 7 (54%) | 6 (46%) | 7 | 6 | 0 colorado | 1,377,441 (44%) | 1,728,159 (56%) | 4 (50%) | 4 (50%) | 4 | 4 | 0 minnesota | 1,519,032 (48%) | 1,656,979 (52%) | 4 (50%) | 4 (50%) | 4 | 4 | 0 virginia | 2,075,085 (47%) | 2,335,395 (53%) | 5 (45%) | 6 (55%) | 5 | 6 | 0 nevada | 751,205 (52%) | 705,197 (48%) | 1 (25%) | 3 (75%) | 2 | 2 | 1 new mexico | 423,391 (47%) | 478,802 (53%) | 0 (0%) | 3 (100%) | 1 | 2 | 1 washington | 1,530,923 (41%) | 2,245,849 (59%) | 2 (20%) | 8 (80%) | 4 | 6 | 2 oregon | 919,480 (43%) | 1,240,600 (57%) | 1 (17%) | 5 (83%) | 3 | 3 | 2 maryland | 1,035,550 (35%) | 1,902,577 (65%) | 1 (13%) | 7 (88%) | 3 | 5 | 2 connecticut | 736,918 (43%) | 992,053 (57%) | 0 (0%) | 5 (100%) | 2 | 3 | 2 new jersey | 1,968,215 (47%) | 2,220,713 (53%) | 3 (25%) | 9 (75%) | 6 | 6 | 3 massachusetts | 1,251,303 (37%) | 2,126,518 (63%) | 0 (0%) | 9 (100%) | 3 | 6 | 3 new york | 3,578,899 (44%) | 4,619,195 (56%) | 7 (27%) | 19 (73%) | 11 | 15 | 4 illinois | 2,449,079 (44%) | 3,062,863 (56%) | 3 (18%) | 14 (82%) | 8 | 9 | 5 california | 6,081,697 (40%) | 9,276,179 (60%) | 9 (17%) | 43 (83%) | 21 | 31 | 12 **sum**| | | | | | | **-1** while this brief and crude analysis does not account for many things like racial gerrymandering, split ticket voting, or if a states house reps should even be proportional to the top of the ticket ([e.g. it would be very difficult to draw even 1 republican district in ma due to geography of where republicans live in the state]( it does show, on average, democrats are disadvantaged by only 1 house seat. that being said, what are better ways to measure gerrymandering? how can we quantify to what degree states participate in partisan gerrymandering (texas, california) vs states that have fair maps?",PoliticalDiscussion,neutral,neutral,neutral,neutral
1l4c1gs,politics,"megathread: president donald trump and elon musk exchange public criticisms over the last several hours, president donald trump and former special government employee elon musk have taken to social media to exchange criticisms and accusations toward and about each other. this is a developing story, and all articles covering the ongoing exchanges will be redirected to this thread. **articles that may interest you** |submission|domain| |:-|:-| |[trump and musk’s relationship flames out just as intensely and publicly as it started]( press - [ap.com]( |[trump threatens musk's government deals as feud explodes over tax-cut bill]( - [reuters.com]( |[elon musk says donald trump 'is in epstein files']( - [newsweek.com]( |[how trump and musk went from bromance to bitter dispute]( - [axios.com]( |[trump and musk escalate public feud over agenda bill]( - [cnn.com]( |[musk accuses trump of being in the epstein files in jaw-dropping break-up dig]( daily beast - [thedailybeast.com]( |[trump-musk goes nuclear: president and tesla mogul trade epstein barbs and billion-dollar threats as friendship implodes]( independent - [theindependent.com]( |[elon musk signs off on suggestion trump should be impeached, removed from office]( new york post - [nypost.com]( |[the elon musk and donald trump breakup has started]( - [wired.com]( |[trump and his team tease vengeance against elon as feud goes nuclear]( stone - [rollingstone.com]( |[trump says elon musk went ‘crazy,’ suggests cutting government contracts for his companies]( - [cnbc.com]( |[elon musk just lost a staggering amount of money talking trump]( beast - [thedailybeast.com]( |[steve bannon urges trump to seize spacex and deport elon musk]( street journal - [wsj.com]( |[steve bannon calls for musk's deportation amid trump feud, claiming he's 'an illegal alien']( latin times - [latintimes.com](",politics,negative,negative,negative,negative
1r1266b,politics,"discussion thread: congressional sessions, hearings, and news conferences on february 10th, 2026 **news and analysis** - ap: [trump’s immigration chiefs are set to testify in congress following protester deaths]( **live updates** text-based live update pages are being maintained by the following outlets: [ap]( [nbc]( [cnn]( [the guardian]( [the independent]( and [the hill]( **where to watch** start times below are us eastern. - c-span: [shark tank investor kevin o'leary testifies on rising cost of housing]( (10 a.m.) - c-span: [media executives and policy advocates testify on the fcc's media ownership rules]( (10 a.m.) - c-span: [house gop leaders on trump's agenda]( (10 a.m.) - c-span: [u.s. senate - february 10, 2026 ]( (10 a.m.) - c-span: [homeland security immigrations & customs officials testify at oversight hearing]( (10 a.m.) - c-span: [telecommunications executives on fbi surveillance of senators & others]( (10:15 a.m.) - c-span: [sen. schumer & rep. leger fernandez introduce bill removing statute of limitation for sex trafficking charges]( (10:30 a.m.) - c-span: [house democratic caucus leaders on trump's agenda]( (10:45 a.m.) - c-span: [u.s. house of representatives - february 10, 2026 ]( (12 p.m.) - c-span: [u.s. senate - february 10, 2026]( (2:45 p.m.)",politics,neutral,neutral,neutral,neutral
1lqwz92,politics,"megathread: us house passes the republican-backed budget bill, sending it to trump for signature this afternoon, the us house of representatives passed without amendment the us senate's version of the trump-backed budget bill, sending it to the president for his signature. every democratic senator and representative voted in opposition; in the senate, there were three republicans voting in opposition (making the vote 51-50) and in the house there were 2 (making the final vote 218-214). house minority leader hakeem jeffries set the us house's speech length record in opposition to the bill in a speech lasting over eight hours. the bill clocks in at over 800 pages and touches on most aspects of the federal government's spending and taxation policies; see this ap article ([what’s in the latest version of trump’s big bill that passed the senate]( for the topline changes. relevant text-base live update pages are being maintained by the following outlets: [ap]( [nbc]( [abc]( and the [bbc]( you can find this subreddit's [discussion thread for the last week's worth of negotiations and debate at this link]( --- # articles that may interest you | submission | domain | |-----------------------------------------------------------------------------------------------|-------------------| | [live updates: house passes trump’s signature bill, sending it to the president’s desk]( | apnews.com | | [house republicans pass trump's mega bill, sending the package to his desk to be signed]( | npr.org | | [house passes sprawling domestic policy bill, sending it to trump's desk: the republican package would slash taxes, boost spending on immigration and the military, and impose steep cuts to medicaid, snap and clean energy funding.]( | nbcnews.com | | [house republicans give trump a ‘big beautiful’ july 4 by passing medicaid-slashing megabill despite gop rift]( | independent.co.uk | | [congress has officially passed trump’s bill to kick millions off medicaid]( | rollingstone.com | | [trump and the gop will regret the day they passed this sick bill]( | newrepublic.com | | [house passes trump's ""big, beautiful bill"" after stamping out gop rebellion]( | axios.com | | [trump lands first major legislative win after congress passes his massive domestic policy bill]( | cnn.com |",politics,negative,negative,negative,negative
1lin1h0,PoliticalDiscussion,"was it a transgression for biden/trump to strike targets in yemen without explicit approval from congress? in the wake of israel's 2023 counter-offensive against hamas in gaza, [iranian-backed houthis]( who control much of yemen, resumed [attacks on commercial shipping]( en route to or making their way out of the red sea and [targeted u.s. warships]( ]( to protect u.s. national security interests. neither the [biden]( nor the [trump ]( sought permission from anyone, home or abroad, before striking targets in houthi-controlled areas of yemen. do you consider these actions, taken by both administrations without explicit approval from congress, to be transgressions?",PoliticalDiscussion,negative,negative,negative,negative
1rktvro,politics,"ama: brandt robinson a teacher running for u.s. congress fl-13 hi, i’m brandt robinson, a 29-year history teacher and progressive democratic candidate running for us house of representatives in florida’s 13^(th) congressional district to unseat anna paulina luna. i am running in a crowded primary against “establishment” candidates, and i believe that i am the true progressive candidate needed for this moment. i am a community organizer, educator, and unapologetic advocate for justice who believes politics should be about people, not power. rooted in grassroots activism, i have spent years standing up to extremism, defending public education, and fighting for civil rights when they’re under attack. a little about me: · served on the pinellas classroom teachers association (union) for 25 years, served as chair of the pcta’s human and civil rights committee for eight years. · in 2022, my ap african american studies curriculum was challenged by moms for liberty. i successfully defended my curriculum and was able to continue teaching. later that year, i received the florida education association’s fea human & civil rights leadership award, presented annually to a nominee who has demonstrated support and promotion of diversity and social justice. · i currently teach at an alternative school where all my students have previously either failed out of, or were kicked out of one or more schools. our goal is to meet their human needs, while also helping to get the students back on track academically. · i served as a clinic escort for the past 2 years at a clearwater women’s clinic. my duties included helping to escort women from their vehicles to the clinic to exercise their constitutional right to care and provide a calming presence when there are protestors present. · i am a years-long organizer with indivisible north pinellas, helping to organize protests, trainings, and mutual aid in our area. · our group held an empty-chair town hall for representative luna. she declined to attend, but her constituents addressed their concerns to a photo of the representative. i know pinellas county, and my roots run deep. i’m running for congress to take on the affordability crisis, protect healthcare and social safety nets, and deliver real environmental justice—while actually listening to the people i represent. our campaign is focused on the things that matter and accountability to the community every step of the way. if elected, i have committed to holding a monthly town hall in-person, and virtually when i’m in dc. we will stay in touch with our community every step of the way. ***ama officially opens for answers on march 4th at 3pm - 5pm est.*** this is my second ama and i’m thrilled to be here. please ask the tough questions, as participatory democracy has never been more important. you can find me on [instagram]( [facebook]( [bluesky]( [substack]( [tiktok]( or via my website [brandt for congress]( [check out my substack about what the democrats have gotten wrong, and why candidates like me are needed in this moment.]( check out a recent podcast with me [here]( if you would like to contribute to my grassroots campaign to help us flip this seat blue, you can make a donation [here]( proof it's me: [ in solidarity, brandt",politics,positive,positive,positive,positive
1od2to1,PoliticalDiscussion,"do you see similar patterns in us politics where leaders use family protection language to justify removing democratic input? recent research examined speeches by india's modi and hungary's orbán from 2014 to 2019, documenting how both leaders use family metaphors when implementing authoritarian policies. the findings raise may have some similar rhetorical patterns appear in american politics. when modi's government shut down internet in kashmir for 18 months and detained political leaders, he called kashmiris brothers who needed reintegration into the family of the nation. he framed it as love and affection while implementing the longest internet shutdown in a democracy. when orbán created border hunter forces against refugees, he told them they were protecting homeland, homes, women, children and parents. the focus was on family protection rather than enemy defense. the researchers argue this differs from traditional strongman rhetoric, and instead of us versus them, affected populations stay included rhetorically but lose practical rights. it functions like family hierarchy where the head of household decides rather than democratic process. modi described revoking kashmir's autonomy as expressing the love and enthusiasm of the people, though kashmiris themselves had no say. both leaders invoke pride, love and familial duty to legitimize policies that bypass democratic accountability. the study notes both draw heavily on post 9/11 counterterrorism discourse about masculine state protection, a framework that originated in american politics after september 11th and spread globally. when american leaders talk about protecting children, defending the american way of life, or securing communities, does that language function similarly to bypass normal democratic debate? is framing policy as family protection more politically effective than traditional security rhetoric? the research is ""protecting the people: populism and masculine security in india and hungary"" by dutta and abbas in journal of political ideologies. they analyze how family metaphors normalize authoritarian measures across different national contexts. source: [",PoliticalDiscussion,negative,negative,negative,negative
1qpbfmq,politics,discussion thread: secretary of state rubio testifies on us military actions in venezuela the testimony before the us senate foreign relations committee is scheduled to begin at 10 a.m. eastern. **news and analysis** - ap: [rubio is set to warn of future military action if venezuela’s new leaders stray from us goals]( - ap: [us takes first steps to possibly reopen embassy in venezuela after maduro’s ouster]( **live updates** text-based live update pages are being maintained by the following outlets: [cbs]( **where to watch** - pbs newshour via youtube: [rubio testifies at senate hearing on u.s. policy toward venezuela]( (10 a.m. eastern) - c-span: [secy. of state rubio testifies on venezuela]( (10 a.m. eastern),politics,neutral,neutral,neutral,neutral
1mjxji6,PoliticalDiscussion,"are tariffs acting as a regressive tax to offset massive cuts for the wealthy? there’s been a lot of focus on the stated purpose of u.s. tariffs,mainly as trade leverage or protection for domestic industry. but i’m wondering if we’re overlooking a more structural role they’re playing in the broader fiscal landscape. since the 2017 tax cuts and jobs act (tcja), we’ve seen successive waves of major tax breaks, mostly benefiting the wealthy and corporations. the most dramatic example is the recently passed “big beautiful bill” (2025), which not only extends the tcja cuts, but adds new layers of high-income and business-friendly. according to cbo projections, the bill will add several trillion dollars to the deficit, even after accounting for spending cuts. meanwhile, the trump-era tariffs remain in place. these tariffs are effectively regressive taxes: they raise the price of imported goods, which low- and middle-income consumers feel most acutely. unlike income taxes, tariffs don’t scale with wealth—they hit everyone who buys affected goods. so here’s the theory: could tariffs be functioning—intentionally or not—as a regressive revenue tool to help “offset” the massive tax cuts for the wealthy? that is, while the federal government slashes top-line revenue from income and corporate taxes, it quietly maintains a consumer-side tax system that disproportionately burdens those least able to afford it. i’m not saying this was explicitly designed as a two-step wealth transfer, but the structural outcome is hard to ignore: 1) wealthy americans get permanent tax relief 2) social programs are cut 3) working people pay more for essentials via higher import costs is there any policy analysis, budget modeling, or behind-the-scenes commentary that digs into this possibility? or are we looking at a pure coincidence of unrelated policy streams that happen to shift the tax burden downward?",PoliticalDiscussion,negative,negative,negative,negative
1jqohnq,politics,"discussion thread: tariff and trade policy news, reactions, and general updates **news and analysis** - ap: [sweeping trump tariffs shock global economy, draw calls for talks]( - reuters: [trump stokes trade war as world reels from tariff shock]( - bbc: [what trump has done on tariffs - and why it matters]( - bbc: [how were donald trump's tariffs calculated?]( **live updates** text-based, live update pages are being maintained by the following outlets: [ap]( [nbc]( [cnbc]( [abc]( [usa today]( [the guardian]( [yahoo finance]( [marketwatch]( [politico]( (soft paywall), [cnn]( (soft paywall), [the washington post]( (soft paywall), and [the new york times]( (soft paywall), [financial times]( (paywall), and [the wall street journal]( (paywall). **where to watch** - c-span: [collection of second trump administration trade policy streams]( **see also, if interested** - r/politics: [discussion thread: senate democrats and president trump press events on the trump administration's new tariffs]( - r/politics: [i’m greta bedekovics, the associate director of democracy policy at the center for american progress. i previously worked in the u.s. senate on voting rights and election security. ask me anything about the save act and trump’s eo to restrict voting.](",politics,negative,neutral,negative,negative
1l17j7w,PoliticalDiscussion,"what do you think would happen if the us government tried to implement the a-team today? when the u.s. government tried to replace migrant farmworkers with high schoolers. athletes in temporary employment as agricultural manpower (a-team) temporarily replaced the bracero program. the a-team brought high school students to pick crops. the a-team did not last long because of protests of harsh working conditions. what do you think would happen if the us government tried to implement the a-team today? [ as it relates to the a-team, how does it compare to the idea proposed by florida governor ron desantis? below is a link to the miami herald: [",PoliticalDiscussion,negative,negative,negative,negative
1jkqbmk,PoliticalDiscussion,"chances of america going to war within the next 5 years? with the u.s. having withdrawn from afghanistan and largely shifted away from large-scale counterinsurgency operations, the military has been in a period of relative peace. however, history suggests that the u.s. rarely stays out of conflict for long. now, in 2025, several geopolitical flashpoints could push america toward another war within the next five years. one of the most immediate concerns is the situation in yemen. houthi rebels, backed by iran, have increasingly targeted international shipping in the red sea, prompting u.s. military retaliation. while the u.s. has thus far relied on air and naval strikes, there is always the possibility of escalation, especially if houthi attacks continue or iran becomes more directly involved. could this lead to an eventual ground deployment? beyond yemen, tensions with china remain a key concern, particularly regarding taiwan. while a full-scale chinese invasion seems unlikely in the immediate future, ongoing military provocations and economic warfare could lead to a crisis that forces the u.s. into action. would this result in a direct military confrontation, or would the u.s. rely on deterrence and proxy strategies? in europe, russia’s war in ukraine continues, with speculation about moscow’s willingness to expand its aggression beyond ukraine’s borders. if nato allies like the baltic states or poland are threatened, would the u.s. be compelled to send troops into combat under article 5 of the nato treaty? iran is another major factor. beyond its involvement in yemen, iranian-backed militias across the middle east—particularly in iraq and syria—have increased attacks on u.s. bases. could a major provocation, such as a deadly attack on u.s. forces, lead to a direct american intervention? additionally, there are growing threats in africa, where extremist groups are expanding in regions like the sahel. if instability spreads and threatens u.s. interests or allies, would that be another potential theater for american ground forces? given these circumstances in 2025, what are the realistic chances of the u.s. deploying ground troops into a new war within the next five years? which of these conflicts—yemen, taiwan, ukraine, iran, or africa—is the most likely to escalate into a large-scale u.s. military engagement? or will the u.s. continue to avoid direct combat while relying on airpower, naval forces, and proxy support?",PoliticalDiscussion,neutral,neutral,negative,neutral
1qt1ejr,politics,car hits high school student in nebraska during an anti-ice protest,politics,negative,negative,negative,negative
1pafgb1,PoliticalDiscussion,"is europe's wish to secure ukraine without risking their own casualties realistic? in august 2025, gallup released a [poll ]( surveyed that the opinions of ukrainians about the state of war and their expectations pertaining to the future of their country. it shows that after almost 4 years of active fighting, hope among ukrainians of quick (within 10 years) acceptance into the eu has significantly diminished (from 73% to 52%), and hope of quick acceptance into nato has cratered (from 64% down to 32%). the poll shows a populace that has become increasingly skeptical that the war will be ending anytime soon. only 25% of respondents were of the opinion that active fighting would end within 12 months. still, populaces of eastern europe countries remain averse to idea of deploying troops to ukraine for any reason. poland: march 2025 polls[ ]( that support for deploying troops to ukraine alongside other countries for *peacekeeping* was in the minority; [62% was in opposition.]( when surveys did not mention *peacekeeping* [opposition to sending troops grows to 85%]( lithuania: a poll released in april 2025 showed that 56% of the country [opposed deploying troops for any reason]( polling consistently shows other european populaces also reject combat deployments to ukraine to fight in the country's defense; generally, less than one-third of populaces across europe support doing so. uk: [58% support sending ""peacekeepers""]( if other europeans join. germany: [remains roughly split]( with support rising only when framed as post‑ceasefire france: [67% support peacekeepers after a deal]( but 68% oppose combat deployments spain: a remarkably high [81.7% favor sending peacekeepers]( polling suggests that many european populaces are only willing to accept *peacekeeping* missions after a ceasefire. it gives the impression that in each of these countries the public seemingly backs deployments only under the illusion that they will not fight. earlier this year, the coalition of willing *peacekeepers* seemed to be [envisioning a deployment of troops in the tens of thousands]( for such an endeavor. however european military institutes suggests that even non-kinetic missions of this sort [could require a deployment of over 150,000 troops.]( there seems to be a chasm between the level of european deployment that is militariliy necessary compared to that which european populaces are willing to tolerate. is europe's wish to secure ukraine without risking their own casualties realistic?",PoliticalDiscussion,negative,negative,negative,negative
1r5xlre,Conservative,viral video purportedly shows student holding pro-ice sign getting punched by another student at lake zurich high school,Conservative,negative,neutral,negative,negative
1rir3fm,politics,where things stand after the us and israeli strikes on iran,politics,negative,neutral,neutral,neutral
1o03dy9,PoliticalDiscussion,"in developed countries, why are warmer (southern) regions typically more conservative, while colder (northern) regions are typically more progressive? this pattern is seen across many major countries, including the us, canada, uk, france, germany, sweden, italy, spain, japan, and australia. something i've noticed about political geography in developed countries is that warmer (southern) regions tend to be more conservative, while colder (northern) regions tend to be more progressive. why is that? this pattern is remarkably consistent across major developed countries, though there are a few exceptions, and i'm less familiar with political geography in developing countries. **us:** the north/south divide in the us is hundreds of years old, dating back to even before the civil war over slavery abolition in the southern states, and resulted (initially) in northern states backing the abolitionist republicans, and southern states backing the anti-abolitionist democrats. today, of course, the parties are ideologically reversed, with northern states (e.g. new york and new jersey) backing the more progressive democrats, and southern states (e.g. texas and florida) backing the more conservative republicans. california is an exception here—despite being in the southwest and having a warm climate, it backed the north in the civil war, and today votes very strongly democratic. **canada:** the most progressive territories in canada are the three arctic territories of nunavut, northwest territories, and yukon, in the far north. all three territories are entirely represented federally and provincially by leftwing mps and premiers (i.e. ndp or liberal mps or premiers), though due to local law, some of these offices are officially nonpartisan. canada's ""southern"" provinces, which have a much milder climate, are much more diverse politically, and all of the conservative party mps and premiers which canada has are in these provinces—there are 0 in the arctic north. **uk:** the north/south divide in the uk is again hundreds (thousands?) of years old, and there are multiple north/south divides here, all of which follow the same progressive/conservative axis. scotland is notably more progressive than england—whereas england has traditionally been dominated by the conservative party, scotland has traditionally been dominated by the labour party, and more recently by the progressive and separatist snp. there is a north/south divide within england too: northern england (specifically, the ""red wall"") has traditionally voted for the more progressive labour party, whereas southern england has traditionally voted for the conservative party. the obvious exception here is london, which is located in the south but votes heavily labour. however, southern england as a whole has still historically been dominated by the conservatives. **france:** the french riviera, with mainland france's warmest climate, also boasts its most conservative politics—most of the major cities in the region (e.g. nice and cannes) are led by conservative mayors, countering the typical urban/rural divide. the riviera is also a stronghold for the far-right, with le pen's far-right national front winning its first-ever local elections in région sud (in the late 20th century). france's progressive strongholds, by contrast but to no surprise, are in the colder north—brittany and paris are regarded as france's most progressive or liberal regions. an exception here is normandy: while it is in the north and has historically been leftwing, in recent years normandy has become a stronghold for the far-right. **germany:** germany's dominant and currently-ruling party, the union, is in fact an alliance of two parties: the christian democratic union and the more conservative christian social union—the latter of which operates, unsurprisingly, only in the south. bavaria, germany's southernmost state, is also its most conservative, and has given the christian social union a near-monopoly on power there since wwii. even the bavarian capital city of munich is represented at the state and federal level by conservative politicians, countering the typical urban/rural divide. germany's progressive strongholds, by contrast but to no surprise, are all cities in the north—these include hamburg and berlin, which traditionally have been represented by the more progressive parties spd and die linke, respectively. the exception here is (north?-)east germany; until recently, east germany voted strongly for the leftwing parties spd and die linke, but has now become a stronghold for the far-right afd (excluding berlin). **sweden:** moreso than in other countries, the map of sweden's national elections makes it clear that there is a sharp north/south divide. [in this map of sweden's 2022 national elections]( red indicates victories for the progressive bloc, and blue indicates victories for the conservative bloc. the north/south progressive/conservative axis appears, bluntly, yet again. **italy:** again, moreso than in other countries, the map of italy's elections makes it clear that there is a sharp north/south divide. in 1946, italy voted in a referendum to abolish its monarchy and establish a republic, [but while nearly every province in the north voted for republic, nearly every province in the south voted to retain the monarchy]( northern italy has historically been more progressive than the conservative, traditionalist south. **spain:** spain's two progressive strongholds are both in the colder north of the country: catalonia and basque country. both regions have strong separatist movements backed by progressive-leaning parties. spain's conservative stronghold may come as a bit of a surprise—it is madrid, the capital and largest city. madrid, located far from the milder northern coastlines of basque country and catalonia, is in spain's steaming hot interior—and has been ruled continuously by the conservative party at both the local and regional level for decades. looking farther south: andalusia, the southernmost region of spain, was the first place in the country to award the far-right party vox with seats in parliament. **japan:** the conservative ldp has ruled japan for almost all of its democratic history, but it finds its strongest support in the warmer, more southern regions of the country (specifically, in the southern regions/islands of chugoku, shikoku, and kyushu). opposition parties have rarely ruled japan, but the more left-leaning cdp finds its strongest support in the colder north (e.g. in iwate prefecture in northern honshu island). **australia:** in the land down under, things are a bit upside-down: progressive parties and politicians perform best in the cooler south of the country, while conservative parties and politicians perform best in the hotter north. australia's coldest and southernmost state, tasmania, is also its most progressive—every single mp from the state is from the labor party. on the flip side: australia's hottest and northernmost state, queensland, is also its most conservative—in the last federal election, queensland was the only state out of 6 where the progressive labor party failed to win a majority of the vote. \--- why does this pattern exist? it's remarkably consistent across major developed countries, though there are a few lonely exceptions (e.g. poland and south korea, which show a west-east left-right political divide, as opposed to a north-south one), and i'm not as familiar with political geography in developing countries. does it have to do with poverty and race? in the us, the south is poorer, and is home to many blacks—which some people say is why the south is more conservative. however, i don't think this explanation works for other countries. for example, in the uk, southern england is wealthier than both northern england and scotland, but southern england is still more conservative. in australia, the cooler south (e.g. victoria) is where immigrants typically flock to, and is more racially diverse, but the most conservative part of the country is on the other end. i'm interested in what this community's opinion on this topic is.",PoliticalDiscussion,neutral,neutral,neutral,neutral
1oqz2zd,politics,discussion thread: us president trump meets with hungarian prime minister orbán the event is scheduled to start at 11:45 a.m. us eastern. **news and analysis** - the guardian: [orbán to visit us to try to broker another putin summit but questions raised over motives | hungarian pm also seeking exemption on us sanctions on russian oil as he faces domestic challenge before elections]( - politico: [orban’s chummy relationship with trump could help his oil sanctions pitch]( **live updates** text-based live update pages are being maintained by the following outlets: [reuters]( and [nbc]( **where to watch** - pbs newshour via youtube: [us president trump meets with hungarian prime minister orbán](,politics,neutral,neutral,neutral,neutral
1p5mqpi,PoliticalDiscussion,"what seemingly small and unknown ideas but potentially transformative ideas do you have about politics? unknown ideas here, this is supposed to be something that you have never seen in a discussion with any significant group of people or journalists on any significant news group, not like expanding the house of representatives here. i was thinking about the literal process by which a vote takes place. it is a bottleneck in democracy. how do you organize enough votes to make participation regular with turnout high enough to claim legitimacy? well, i figured that you can tap into non government votes. they don't have binding effect over all of society. what if each public school in the country and probably some municipal buildings had a voting machine, which prints out a paper receipt, located in their office for people to come and use? the school probably has trucks that go to some office every day or two, and you can put those slips in the truck with appropriate seals. this could be used on a standing basis for things like letting unions hold a very quick vote, such as accepting a proposed contract, voting for the chairperson of a political party, whether the members of a party agree with the proposed coalition deal, or similar, with next to no large expenses or training or hiring needed and you just need some stationery, rolls of paper, and audits of a random sample of machines and rolls on a periodic basis as well as if a contested vote result is very close to the margin of defeat or success and a recount might be needed. i got the idea from some voter verified paper audited trace machines from india, some of the ways that legislatures around the world have consoles the members use to record their votes on motions, and a few other sources. i am not willing to have a secret ballot take place without a physical object being used as a way of proving the result if it comes to it so i am not a fan of internet voting; but if a secret ballot is not in use, such as a petition, electronics can be used as they are in italy where citizens can demand a referendum to block a law passed by parliament if 500,000 people sign within a few months. there was such a drive a few years ago and it reached the target in about 3 weeks on a particularly controversial bill. you can file your taxes online with a two factor identification system in canada, so i wonder what the potential of this might be.",PoliticalDiscussion,neutral,neutral,neutral,neutral
1jtp0ky,politics,"discussion thread: president trump and israeli prime minister netanyahu hold joint press conference the press conference stream is scheduled to start at 2:30 p.m. us eastern. **news and analysis** - ap: [trump and netanyahu will meet again monday on gaza, tariffs and more]( - npr: [netanyahu is set to meet trump to discuss israeli hostages in gaza and u.s. tariffs]( **live updates** text-based, live update pages are being maintained by the following outlets: [ap]( and [nbc]( **where to watch** - c-span: [president trump & israeli prime minister netanyahu hold joint press conference]( - pbs newshour via youtube: [trump and israeli pm netanyahu hold news conference at white house](",politics,neutral,neutral,neutral,neutral
1jpfq6y,PoliticalDiscussion,"do these election results represent a shift or follow a historical trend? being a wisconsin resident, i have been grateful to live in a state that gets a ton of attention come election seasons! obviously today, wisconsin was one of two states to have elections, however i thought this election specifically was unique especially with the last minute push by musk and trump for brad schimel adding an extra level of attention. obviously it fell short, with susan crawford leading by about 10 points as of reading this. however, this trend seemed to continue in florida somewhat too. for example, according to @votehubus on x, all four counties shifted left by a sizeable margin even from just a few months ago in november. my question is do you think this should be an early warning sign for republicans about midterms, or would these results be more attributable to the general trend of democrats having better turnout in special elections than republicans? to be honest, i really don’t care as much about the politics, but i do find the data side fascinating, and would love some insight from people who are more knowledgeable about the general trends and shifts in elections!",PoliticalDiscussion,neutral,neutral,neutral,neutral
1ov49m1,politics,"discussion thread: 2025 us government shutdown, day 43 **live updates** r/politics is maintaining a [live updates page for the shutdown]( as are [ap]( [nbc]( [the guardian]( and [usa today]( **news and analysis** - ap: [senate approves bill to end the shutdown, sending it to the house]( - ap: [a historic shutdown is nearly over. it leaves no winners and much frustration]( - npr: [on day 43 of the shutdown, a vote in the house could bring the impasse to an end]( **where to watch** all times us eastern you can find relevant streams on [c-span]( [pbs newshour's youtube channel]( [ap's youtube channel]( - c-span: [house session - november 12, 2025]( - c-span: [house democratic leaders holds news conference]( **announcement** we are currently accepting applications to be a moderator of r/politics. [apply here today!](",politics,neutral,neutral,neutral,neutral
1ri9o86,politics,"3 us troops killed and 5 are seriously wounded during iran attacks, military says",politics,negative,negative,negative,negative
1rhgvh6,politics,x is drowning in disinformation following us and israel’s attack on iran,politics,negative,negative,negative,negative
1qhli4k,PoliticalDiscussion,"as trump warmongers over greenland, what explains the lack of push back from the right-wing given the ""anti-war"" position they took prior to the 2024 election. there was a perceived sentiment among the right and some moderates that republicans were the anti-war party in the lead-up to the 2024 election: [democrats have become the party of war. americans are tired of it]( - opinion article by matt duss, executive vice-president at the center for international policy and former foreign policy advisor to senator bernie sanders [election 2024: are republicans turning isolationist?]( r/ask_politics/comments/1ghqtim/how_did_conservatives_become_the_antiwar_party/ --- in contrast, the trump administration has pursued extensive military aggression and intervention throughout 2025 and into early 2026: [2026 united states intervention in venezuela]( [march–may 2025 united states attacks in yemen]( [united states strikes on iranian nuclear sites]( [greenland crisis]( --- what explains the inconsistency in right wing positions on military intervention and war-making from before the 2024 election to now?",PoliticalDiscussion,negative,negative,negative,negative
1jc3xjg,politics,trump orders strikes on iran-backed houthi rebels in yemen and issues new warning to iran,politics,negative,negative,negative,negative
1mtr067,politics,"discussion thread: texas house meets for special legislative session on redistricting c-span's stream description reads: ""the texas house legislature meets for a second special session on redrawn congressional districts in an effort to garner up to five more republicans seats in the u.s. house of representatives."" the stream is expected to start at 1 p.m. eastern (noon central). **news and analysis** - ap: [texas dems return to capitol for republicans’ us house map overhaul as california democrats counter]( - texas tribune: [texas house democrats announce return, ending walkout over redistricting plan | after two weeks out of state, democratic lawmakers said they would return to austin and lay the groundwork for a legal challenge to the gop’s proposed congressional map.]( - texas tribune: [texas senate panel again advances redrawn congressional map]( - npr: [trump prompted a battle over voting maps. here's how redistricting affects voters]( **where to watch** - c-span: [texas house meets in new special session on redrawing congressional maps](",politics,neutral,neutral,neutral,neutral
1rh6gzn,PoliticalDiscussion,"trump launches attack on iran in coordination with netanyahu claiming regime change and dismantling of all its missiles and nuclear capacity. iran has responded by attacking multiple air and naval bases in the middle east. are we heading towards another forever war, without much to show for it? so far, the attack and responses are primarily missiles based and does not appear to have utilized air force. it could be due to preparation for a long-term war and conservation. according to trump this is a major operation, but it is far more tepid than the one in june of 2025; nothing in compared to what would be expected in a major operation. are we heading towards another forever war without much to show for it? [israel and us launch a major attack on iran | ap news]( [",PoliticalDiscussion,negative,negative,negative,negative
1l806or,politics,"discussion thread: new jersey primary elections and assorted other local elections on june 10, 2025 today marks the end of voting in new jersey's 2025 primary elections. these are the most notable elections concluding today because new jersey is one of two states (the other being virginia) to put its statewide executive offices and at least one chamber of its state legislature up for a vote in the 'off year' (i.e. not coinciding with regular federal elections in even years). at stake in new jersey's primaries are the nominations for the governor's mansion, the lieutenant governor's office, the attorney general's office, the state house, some school board and other municipal offices, as well as some local ballot measures. june 10 also marks the end of voting in numerous local elections as follows: there is a special primary runoff for alabama house of representatives district 11; arkansas school board general runoffs; a special election in huntington beach, california; special election for newport-mesa unified board of education trustee area 5 (also in california); different [local elections in florida]( as well as special elections in that state in florida house district 32, fl house of representatives district 3, and state senate district 19; a special general election in massachusetts house of representatives 3rd bristol district; [local elections in maine]( [local elections in oklahoma]( special general or primary elections in oklahoma house districts 71, 74, and 97; and [local election in south carolina]( most notably in columbia. **voting information and resources** - nj.gov: [new jersey voter information portal]( - whyy: [new jersey primary election 2025: what you need to know before you vote]( **news and analysis** - ap: [ap decision notes: what to expect in the new jersey primary]( - npr: [in a crowded new jersey governor primary, the state could see a party shift this fall]( - new jersey globe: [n.j. has cast nearly 470,000 votes in advance of primary election | democratic turnout at almost 14%, gop at 8%]( - ap: [it’s the economy, estúpido: new jersey governor’s race tests democrats’ efforts to win back latinos]( - fox 29: [who is ahead in the nj governor race? polls, candidates, updates]( - new york magazine (soft paywall): [what to watch in new jersey’s gubernatorial primaries]( - new jersey globe: [a rundown of today’s races for the n.j. legislature | 202 candidates on the ballot for state assembly, with some incumbents in danger of losing their seats]( **live updates** text-based live update pages are being maintained by the following outlets: [courier post]( **results** >the [new jersey] division of elections does not post running results on election night, either official or unofficial. the best source for election night results are the local county websites. - ap: [new jersey governor primary results]( - whyy: [new jersey 2025 primary election results | see full results from new jersey's 2025 primary election, including the races for governor and general assembly seats.](",politics,neutral,neutral,neutral,neutral
1pp18i2,PoliticalDiscussion,"why does public knowledge about constitutional rights sometimes fail to translate into public support for those rights? (flag burning case) i came across a [national analysis of u.s. survey data (fsu institute for governance and civics)]( tracking public attitudes toward flag burning from the late 1980s through 2025. a few patterns stood out: * roughly two-thirds of americans still say flag burning should be illegal, a view that has remained fairly stable over time. * at the same time, awareness that flag burning is constitutionally protected speech has increased substantially. * despite this growing awareness, partisan divisions have widened sharply: democrats have become much more likely to support the legal right to burn the flag, while republicans have moved in the opposite direction. what i’m curious about is how to explain the gap between constitutional understanding and public support, and why that gap appears to map so strongly onto party identification. why might people accept that an act is legally protected while still opposing it in principle? and what factors, media framing, symbolic politics, changing conceptions of patriotism, or something else, might help explain why this issue has polarized so much over time? not arguing for or against the practice itself, just interested in what might be driving these long-term patterns in opinion. #",PoliticalDiscussion,negative,neutral,neutral,neutral
1jvyq5n,politics,"my name is kat abughazaleh. i'm a 26-year-old extremism researcher running for congress because i think there's a new way we can do politics. ask me anything! kat abughazaleh here. i'm a 26-year-old progressive running for congress in [illinois' ninth district]( because (1) i think there's a new way we can do politics and (2) *democrats aren't -- and haven't been -- doing enough.* a little bit about me: >i am an expert in far-right narratives and misinformation, having worked at outlets like media matters, mother jones, and zeteo news, both in research and original reporting capacities. my video explainers about right-wing bs have amassed tens of millions of views across platforms (here's my [youtube]( and [tiktok]( for anyone interested). i'm also often targeted by the right. elon musk has personal beef with me, along with tucker carlson, laura loomer, libs of tiktok, and a bunch of other unhinged figures who now control our most important institutions. >i decided to run for congress because i got sick of waiting around for the democratic party, our supposed opposition party, to actually *do something*. i want to use my expertise to properly resist trump's authoritarian agenda and my lived experience to push for a bolder vision that prioritizes working americans over billionaires. >**we are a grassroots campaign.** we raised more than $400,000 in our first two weeks, have over 11,000 individual donors, and our average donation is around $33. oh, and we're taking **no** corporate cash. best of all, our money isn't getting wasted on consultants and pricey ads. we're using it for public service projects and making sure our events, outreach, and mutual aid efforts are accessible to *everyone* in the district, regardless of income. if you want to know more about me and what i believe, you can go to [katforillinois.com]( and if you want to help us support our community \*and\* win an election, you can [donate here]( okay, that's enough yapping. ask me anything!! [proof]( edit: thank you to everyone who came and asked questions! i'm so sorry i couldn't get to every single person but if you're in the district and i didn't answer your question, drop us a line at [hello@katforillinois.com](mailto:hello@katforillinois.com) or come to one of our events! we'll be announcing more soon. thank you again!!",politics,positive,neutral,positive,positive
1mdle0k,PoliticalDiscussion,"with republicans redrawing texas maps to gain 5 seats, should democrats gerrymander too? the republican party currently controls the u.s. house of representatives; however, they hold one of the narrowest majorities in modern history--just 220 seats versus the democrats' 215. combined with an increasingly unfavorable political climate (fueled in no small part by backlash against the trump administration), it seems increasingly likely that the gop could lose house control in the upcoming midterm elections. in an effort to combat this, president trump recently asked the texas gop to redraw the state's congressional maps to yield 5 more seats for republicans, providing a cushion for future losses. for clarity, the existing texas map is already a prime example of gerrymandering: it provides republicans control of roughly two-thirds of texas' congressional delegation--25 out of 38 seats--despite a closer partisan split among voters. yet, per trump's demands, texan legislators this morning unveiled a new map proposal that would give republicans 30 seats, cutting the democratic share to just 8. you might ask, why don't democrats do the same? historically, democrats have been opposed to gerrymandering, and support bipartisan/independent redistricting commissions instead (bar a few exceptions, notably, maryland and illinois). but recent events have sparked a widespread push for democratic leaders to ""fight fire with fire"" and redraw congressional maps to offset gop gains in texas. california governor gavin newsom has been at the forefront of this push, urging voters to vote out independent redistricting commissions so democratic gerrymanders can take place. it has been suggested that, if such efforts succeed across multiple states, democrats could gain up to a dozen additional seats in 2026. so, should democrats embrace partisan redistricting in blue states to counter gop advantages? what might the implications be of such a move? could this renewed battle over gerrymandering push the u.s. toward reform, or is polarization too deep for that to happen? edit: i hear what people are saying—yes, democrats also gerrymander their maps; however, they don’t do it at the same scale or extent that republicans do (ex.: the ny map is definitely favorable for democrats; however, it’s nowhere near as lopsided as the proposed texas map, for example).",PoliticalDiscussion,negative,negative,negative,negative
1khaguy,PoliticalDiscussion,"china, the eu, canada, and mexico are targeting red state exports - liquid natural gas, and agricultural products. how will this affect american politics? [may '25] [canada (politico)]( specifics for the canadian response seem to lead with american booze and paper products, less ""focused"" on ""red states"" but it's the headline [eu (politico)]( >the list features run-of-the-mill agricultural and industrial commodities such as soybeans, meat, tobacco, iron, steel and aluminum — to hit the american sectors that rely most on transatlantic exports. [china (politico)]( meat, poultry, liquid natural gas, highlights non-tariff barriers to trade. soybeans mentioned more elsewhere. if someone finds specifics on mexico's response please comment. headlines claim they're targeting red states but fail to substantiate it. --- sure, trump acted pretty much solo to do this, but it's remarkable that non-us entities are targeting a subset of the country's economy based on politics. i can't remember another time in the last 30 or so years when a world leader has been seen as an aggressor but the response was targeted precisely at their support base. for instance duterte led his country and the response was different, said to be magnitsky-like. [ichrp]( in the united states, the magnitsky act reduced the property and travel rights of specific individuals as anti-corruption and anti-human-rights-abuse measures, as these people were said to park money and make safe comfortable bolt-holes to run away to so they could be insulated from risks associated with being oligarchs, if ever the winds should change against them. are these targeted trade war measures aimed to harm republican voters? are these targeted measures aimed to protect democrat voters? are the biggest exports from democrat-led regions more difficult to target because the alternatives are worse or the price can't be as easily borne? why would anyone respond this way? if the responses achieved their purpose exactly as intended, what would the world look like? this shit is moving really fast. articles backpedaled because trump backpedaled and other world leaders whose tariffs were paused backpedaled, and that's why i felt like the month/year callout would help the next person asking about the trade war, if they bother searching the sub.",PoliticalDiscussion,negative,negative,negative,negative
1jeolai,PoliticalDiscussion,"global perspectives on serbia’s anti-corruption protests? hello everyone, over the past several months, serbia has experienced significant anti-corruption protests that have drawn international attention. these demonstrations were sparked by a tragic incident in november 2024, where the collapse of a train station roof in novi sad resulted in the deaths of 15 individuals. the disaster exposed deep concerns regarding government corruption and negligence, prompting widespread public outcry. the protests were initially sparked by students, who have played a significant role in leading the movement. in the aftermath of the tragedy, students across serbia began organizing protests, closing universities, and demanding transparency and accountability from the government. their main message was clear: they weren’t seeking a change in leadership or a political takeover, but simply wanted the institutions to function properly, investigate corruption, and serve the public’s interests. their fight was about ensuring justice for the victims of the novi sad disaster and tackling systemic corruption. however, things took an unexpected turn when a group of people posing as students began protesting against the initial student movement. these so-called “students” claimed that universities should reopen and that education should not be interrupted. it was later uncovered that these individuals were actually paid by the government to act as if they were students opposing the protests. they were, in fact, part of a broader attempt to delegitimize the genuine student movement. in response to the growing protests, president aleksandar vučić dismissed the anti-corruption protests as part of a “colorful revolution” (“obojena revolucija”), suggesting that they were orchestrated and politically motivated. he attempted to downplay the gravity of the situation, further claiming that the protests were being manipulated by foreign forces or political rivals in an effort to destabilize his government. despite these attempts to undermine the movement, the protests gained significant momentum. on march 15, 2025, an estimated 100,000 to 300,000 (non-political news outlets said there were about a million people.) people gathered in belgrade, marking a historic demonstration under the slogan “15 for 15,” calling for accountability and an end to corruption. the protesters, which included not only students but also teachers, artists, and ordinary citizens, emphasized their desire for reform without seeking to overthrow the current leadership. they simply wanted the institutions to function as they should, without corruption or interference. allegations also surfaced regarding the use of sonic weapons by security forces to disperse peaceful protesters, prompting calls for independent investigations. president vučić has denied these claims and suggested involving international agencies to probe the accusations. prime minister miloš vučević resigned in january 2025, partially due to the pressure from these protests. (it is said that he resigned due to the fact that the thugs who beat up some students were closely related to him, and that they were rewarded with large sums of money.) it was found that however, many citizens feel that this step alone does not address the deep-rooted issues of corruption, and they continue to demand substantial reforms. given the current situation, i’d love to hear your thoughts on these questions: 1. what do you think the people of serbia should do next to maintain the momentum of the protests and push for real change? 2. how do you think these protests will ultimately end—will they lead to real reforms or fade away without lasting impact? 3. what role do you think the international community should play in supporting or responding to the situation in serbia? 4. how do you feel about the government’s response to the protests, especially calling them a “colorful revolution” and labeling the student movement as politically motivated? 5. what do you think the protesters should do next to avoid being manipulated by political forces and continue their push for accountability? i look forward to a thoughtful and respectful discussion on this issue.",PoliticalDiscussion,neutral,neutral,negative,neutral
1qa7cim,Conservative,"newest manufactured controversy: ""the school incident"" today a liberal friend contacted me all upset about ice ""pepper spraying students"". and sent me articles to try to get me to condemn ice. the articles stated that ""bystanders"" were peppersprayed, and mentioned nothing about students at all. it also stated 2 staff members were arrested for obstruction of the operation. a criminal fleeing entered school property, and ice informed them they were chasing a criminal, and instead of locking down the school, or prioritizing student safety they told ice to leave. he also sent videos that would ""prove his point"" both videos showed people physically assaulting agents, and the agents using nonlethal force to defend themselves. the ""pepperspraying a student"" when seen on video was an ice agent using verbal commands to instruct a mob (of mostly adults) when an adult male sneaks up and strikes him with a thrown object. the agent proceeds to pepperspray that individual who struck him with an object. literally what liberals are pushing is that its alright to assault law enforcement if you don't support what they are doing. agents using nonlethal force after being assaulted, how else do they expect this to be handled? i would like everyone's thoughts on the situation. stay safe out there.",Conservative,negative,negative,negative,negative
1qp28wx,PoliticalDiscussion,"is a general strike in the u.s. feasible under current political, legal, and labor conditions? in recent years, calls for a nationwide general strike have become increasingly common in left-leaning political discourse, particularly online. these calls often arise in response to dissatisfaction with economic conditions, labor practices, or perceived democratic backsliding. i’m interested in whether there is evidence that a general strike is meaningfully feasible in the contemporary u.s. context, as opposed to primarily serving a symbolic or expressive role. to ground the discussion, several structural factors seem relevant: **public and consumer sentiment** * [polling shows sustained dissatisfaction with economic conditions, despite low headline unemployment. at the same time, research suggests that economic precarity constrains workers’ willingness to engage in prolonged work stoppages, even when grievances are broadly shared.]( **legal constraints on political strikes** * u.s. labor law places significant limits on unions’ ability to engage in strikes for explicitly political purposes. the taft-hartley act restricts secondary and sympathy strikes, and courts have generally held that political strikes fall outside protected concerted activity under the national labor relations act. this creates legal and financial exposure for unions attempting to participate in a nationwide political strike. **declining union membership and coordination capacity** * [union density in the united states has declined steadily over several decades. while recent organizing successes have increased visibility, overall union membership remains historically low, particularly in the private sector. this limits the ability of organized labor to coordinate large-scale, cross-industry action.]( **stated support versus actionable participation** * [while calls for a general strike frequently circulate on social media, survey data suggests that only a minority of americans say they would personally participate in one, and support drops sharply when questions involve loss of income or job risk. this suggests a gap between rhetorical support and practical strike capacity.]( __________________________________________________________ taken together, this raises a few straightforward questions: 1. is a true nationwide general strike actually viable under current u.s. labor law and union structure? 1. how much of the apparent support for a general strike reflects real willingness to participate, rather than symbolic agreement? 1. are coordinated sectoral strikes or aligned contract actions a more realistic path to exerting pressure? 1. historically, have general strikes depended on levels of organization and solidarity that the u.s. no longer has?",PoliticalDiscussion,neutral,neutral,neutral,neutral
1o6ewcq,politics,"discussion thread: 2025 us government shutdown, day 14 **live updates** r/politics is maintaining a [live updates page for the shutdown]( as are [nbc]( [cbs]( [cnn]( and [usa today]( **today's relevant ask me anything** - the atlantic: [hi! we’re jonathan lemire and toluse olorunnipa, staff writers at the atlantic who cover politics. we have reported on what caused the current government shutdown, what the parties want from each other, and what happens next. ask us anything!]( **news and analysis** - ap: [government shutdown could be the longest ever, house speaker johnson warns]( - cnn: [tracking the impact of trump’s shutdown layoffs of federal workers]( **where to watch** all times us eastern you can find relevant streams on [c-span]( [pbs newshour's youtube channel]( [ap's youtube channel]( - c-span: [speaker johnson holds news conference on day 14 of government shutdown]( (10 a.m. start) - c-span: [sen. van hollen holds news conferences on federal firings]( (11 a.m. start) - c-span: [house democratic leader news conference on day 14 of government shutdown]( (2 p.m. start) - c-span: [senate session - october 14, 2025]( (3 p.m. start) **announcement** we are currently accepting applications to be a moderator of r/politics. [apply here today!](",politics,negative,neutral,neutral,neutral
1qronk6,politics,students walk out of schools across country in protest of ice raids,politics,negative,neutral,negative,negative
1kww9rf,politics,ice arrests high school student at routine immigration hearing,politics,negative,negative,negative,negative
1jc2b2j,politics,trump orders strikes on iran-backed houthi rebels in yemen and issues new warning to iran,politics,negative,negative,negative,negative
1l49zgl,politics,a massachusetts high school student arrested by ice on his way to volleyball practice has been released from custody,politics,neutral,neutral,neutral,neutral
1qi1lmi,politics,"discussion thread: supreme court oral arguments and opinions for tuesday, january 20, 2026 (edited) the supreme court will be hearing oral arguments in wolford v. lopez and m&k employee solutions, llc. v. trustees of the iam pension fund. the court may also be releasing opinions in one or more cases from the 2026 term. a full list of cases and opinions from the 2025-2026 term can be found on the oyez database. **case background** - scotusblog: [wolford v. lopez]( - scotusblog: [m & k employee solutions, llc v. trustees of the iam national pension fund]( **live updates** text-based live updates are being maintained by the following outlets: [scotusblog]( [the guardian]( and [nbc]( **where to watch** times below are the scheduled stream starting times - us eastern. - pbs newshour via youtube: [supreme court hears case on law banning guns from private property]( (10 a.m.) - c-span: [justices hear case on challenge to state gun regulations]( (10 a.m.) - c-span: [justices hear case on pension plan law]( (11 a.m.)",politics,neutral,neutral,neutral,neutral
1qu2rim,politics,"discussion thread: congressional actions amid partial government shutdown on monday, february 2, 2026 **news and analysis** - ap: [speaker johnson faces tough choices on partial government shutdown and debate over ice]( **live updates** text-based live update pages are being maintained by the following outlets: [ap]( [nbc]( [cbs]( [cnn]( [usa today]( and [the hill]( **where to watch** all start times below are in us eastern. - c-span: [senate session - february 2, 2026 ]( (3 p.m.) - c-span: [u.s. house of representatives - february 2, 2026]( (3:30 p.m.) - pbs newshour via youtube: [house convenes during partial government shutdown]( - c-span: [rules comm. considers clinton contempt of congress, govt. funding & other bills]( (4 p.m.) - pbs newshour via youtube: [house rules committee considers senate funding plan during shutdown](",politics,neutral,neutral,neutral,neutral
1ozin5n,politics,"discussion thread: us house rules committee meets to vote on whether to advance the release of the epstein files the full house session is scheduled to start at 2 p.m. eastern, while today's rules committee session is expected to start at 3:10 p.m. eastern. if the rules committee vote is successful, the full house is expected to consider and vote on the massie-khanna legislation tuesday (tomorrow). **news and analysis - reuters: [trump reverses stance on epstein files, urges republicans to vote for releasing them]( **live updates** text-based live update pages are being maintained by the following outlets: [ap]( [nbc]( [cnn]( [the guardian]( [the independent]( [the hill]( and [politico]( **where to watch** - c-span: [u.s. house of representatives - november 17, 2025 ]( - c-span: [house rules committee votes on epstein files](",politics,neutral,neutral,neutral,neutral
1rdperu,Conservative,marxist-leninist group that organized antiisrael encampments now teaches high school students to walk out of class to protest ice,Conservative,negative,negative,negative,negative
1qi36dt,politics,"a very simple explanation for why politics is broken in today’s america, the less money a white voter has, the more likely they are to support donald trump. whites in the [bottom 10 percent of america’s income distribution]( broke for the gop nominee in 2024 by landslide margins. those in the top 5 percent largely backed democrat kamala harris, according to american national election studies data. for most of the past century, the opposite pattern prevailed: in every presidential election from 1948 to 2012, poor whites voted to the left of rich ones. but that changed in 2016. eight years later, the new, *negative* correlation between income and republicanism among whites became unprecedentedly strong, as ohio state university [political scientist tom wood has shown]( this development surely reflects trump’s personal imprint on american life. yet it was also made possible by long-term, structural shifts in our politics. in the mid-20th century, americans without college degrees voted sharply to the left of university graduates. but beginning in the late 1960s, this gap started to [narrow before finally flipping in 2004]( the relationship between socioeconomic status and partisanship in the united states therefore changed gradually — and then, with trump’s populist rebrand of the gop, all at once. this realignment had many causes. an indispensable factor, however, was the [rising salience of “culture war” issues]( over the past 50 years, debates over immigration, crime, abortion, religion, race, and gender became increasingly prominent in american politics. as this happened, voters began sorting themselves less on the basis of their economic attitudes and [more on that of their cultural ones]( and since college-educated voters [lean left on most social issues]( — while less educated voters lean right — this eroded the lower classes’ traditional attachment to the democratic party (and the upper classes’ historic ties to the gop). liberals often lament these developments — and not without reason. some consequences of cultural polarization seem perverse. many poor americans today 1) express [progressive views]( on health care and social welfare, 2) say that economic issues are their top concern, and 3) nonetheless vote for the party hellbent on [cutting their medicaid]( and [food stamp benefits]( and of course, democrats’ flagging support with working-class voters has enabled trump’s electoral success — thereby [imperiling american democracy]( for these reasons, the question of *why* the culture war gained such political prominence has long preoccupied democrats. some progressives blame their party’s alleged [abandonment of economic populism]( by embracing [“neooliberal” stances on trade]( and regulation, democrats narrowed the gap between the parties on economic issues, thereby making their divisions on [social matters more conspicuous]( some moderates, meanwhile, suggest that the party made cultural controversies more salient by moving [too far to the left in such debates]( others argue that the right’s radicalization has made the culture war’s primacy inevitable; it is hard to keep fiscal policy in the foreground when agents from immigration and customs enforcement are [brutalizing us citizens]( and the president is [demonizing]( all somali-american-owned businesses. but recent research points to another (potentially complementary) explanation for the decline of materialist voting: americans’ at-home entertainment options have gotten too good.",politics,negative,negative,negative,negative
1ldzkq9,PoliticalDiscussion,"has the united states entered another middle east conflict? trump posted on truth social: **""we now have complete and total control of the skies over iran. iran had good sky trackers and other defensive equipment, and plenty of it, but it doesn't compare to american made, conceived and manufactured ""stuff"". nobody does it better than the good ol' usa"".** and then: **"" unconditional surrender!""** followed by: **""we know exactly where the so -called ""supreme leader"" is hiding. he is an easy target, but is safe there - we are not going to take him out (kill!), at least not for now. but we don't want missiles shot at civilians, or american soldiers. our patience is wearing thin. thank you for your attention to this matter!""** whatever else israel has announced, president trump seems to be in the thick of it and has clearly implied american involvement in the conflict. is the us unofficially at war? will other countries read the president's words and believe that the us is at war?",PoliticalDiscussion,negative,negative,negative,negative
1jckee5,politics,trump orders strikes on iran-backed houthi rebels in yemen and issues new warning,politics,negative,negative,negative,negative
1k57q8i,PoliticalDiscussion,"is david hogg's initiative what the democrats need? do the democrats have an age problem? aside from gerontocracies definitionally not being representative of the population, are democrats placing themselves at risk of not being able to pass or block legislation? here’s the 2-year mortality risk for **men and women** at ages **70, 75, 80, and 85**, based on the **social security administration's (ssa) actuarial life tables**. |age|men 2-year risk|women 2-year risk| |:-|:-|:-| |70|4.29%|2.76%| |75|8.81%|5.44%| |80|13.42%|9.84%| |85|21.96%|16.83%| there are currently 62 democratic incumbents that will be 70 years or older at the start of the january 2027 term and 5 of them will be 85 years or older at the start of the 2027 term (one, james clyburn, in a republican controlled state). over 20 of the 62 live in republican controlled states, which likely effects how quickly they would be replaced in the event of their death. thus far into the current term, two democratic representatives have already died (sylvester turner, aged 70 years, and raul grijalva, aged 77 years) and republicans in texas are reportedly attempting to delay a special election to replace former rep turner. should these people step down? do they need to be primaried? democrats have already lost two reps in the midst of the trump presidency and are statistically likely to lose more in the coming months and years. are there young, smart, charismatic people willing to step up?",PoliticalDiscussion,negative,negative,negative,negative
1jw2hou,politics,florida high school teacher loses job for using student's preferred name. melissa calhoun is believed to be the first teacher to be fired for using a student's preferred name.,politics,negative,negative,negative,negative
1mvjwoj,PoliticalDiscussion,"what do you think about direct democracy as a form of government (citizens propose, debate, and vote directly on laws instead of electing representatives) for modern cities, states, countries? direct democracy was practiced in ancient athens (although definitely not close to a complete one, because it excluded women, slaves, and others), where thousands of people would gather to debate and set laws. would this be possible on a larger scale? referendums already exist, but this would be as the main form of government. obviously a fair number of people would choose not to participate, but that's currently the case with huge percentages of people choosing not to vote, and it was also the case in ancient athens where many people chose not to participate politically. potentially weekly debates would happen on a set schedule. would this just disenfranchise people who wouldn't be able to get the time off to take part in the debates? or maybe the country would make it a priority to allow everyone to take part who wanted to. would the logistics of that kind of thing just be impossible? from actually having meaningful debates to preventing fraud, etc? could this potentially work on the state level?",PoliticalDiscussion,neutral,neutral,neutral,neutral
1r5mv5h,Conservative,far-left activists radicalizing high school kids to take on ice as young suspects in agent attack pictured,Conservative,negative,negative,negative,negative
1lhaiqa,politics,"megathread: us president trump says that the us military has bombed multiple iranian nuclear sites at 7:50 p.m. us eastern, us president donald trump posted on truth social ""we have completed our very successful attack on the three nuclear sites in iran, including fordow, natanz, and esfahan. all planes are now outside of iran air space. a full payload of bombs was dropped on the primary site, fordow. all planes are safely on their way home. congratulations to our great american warriors. there is not another military in the world that could have done this. now is the time for peace! thank you for your attention to this matter"". [the ap's live updates page can be found here]( --- trump is set to address the nation; you can find [this subreddit's live discussion thread for that here]( --- # articles that may interest you | submission | domain | |-----------------------------------------------------------------------------------------------|-------------------| | [us has struck three iranian nuclear sites, trump says, joining israeli air campaign]( | apnews.com | | [u.s. strikes iranian nuclear sites, trump says: the move is the first time the u.s. has attacked iran and a major escalation of the conflict between israel and iran. u.s. involvement has divided republicans, including president trump's closest allies.]( | nbcnews.com | | [u.s. completes strikes on iran nuclear sites, trump says]( | npr.org | | [trump says us successfully attacked three nuclear sites in iran]( | bloomberg.com | | [u.s. launches strikes on 3 iranian nuclear facilities, trump says]( | cbsnews.com | | [trump: us launches strike on three nuclear sites in iran]( | usatoday.com | | [​trump says the u.s. has completed air strikes on iran]( | wsj.com | | [trump announces ‘very successful’ air strikes on three nuclear sites in iran]( | cnn.com | | [trump announces us bomb drops in iranian nuclear sites]( | thehill.com | | [us bombed 3 iranian nuclear sites, trump says]( | politico.com | | [u.s. has struck three iranian nuclear sites, trump says, joining israeli air campaign]( | huffpost.com | | [us has bombed three nuclear sites in iran, trump announces]( | independent.co.uk | | [israel-iran conflict live updates: iran tells trump to back off; us deploys b-2 bombers as iran and israel exchange strikes; iran refuses to discuss future of nuclear program]( | smh.com.au | | [u.s. completes airstrikes on iranian nuclear sites, trump announces]( | newschannel9 | | [iran-israel conflict live: us attacks three iranian nuclear sites, donald trump says, joining israel's campaign]( | abc.net.au | | [trump: u.s. successfully struck three nuclear sites in iran]( | haaretz.com | | [u.s. strikes iran's nuclear facilities]( | axios.com | | [trump says u.s. has attacked iranian nuclear sites]( | cbc.ca | | [israel-iran live updates: trump says iran's nuclear-enrichment facilities have been obliterated]( | reuters.com |",politics,positive,negative,positive,positive
1jfsfut,politics,"searching for the democratic bully gal beckerman: “back when rahm emanuel was president barack obama’s chief of staff, the idea that a political operative once nicknamed rahmbo could be a viable candidate to succeed his boss would have seemed a little far-fetched. but when emanuel suggested to *politico* last week that he was considering a run, what was previously unimaginable suddenly made some sense. emanuel, also a former mayor of chicago, has a reputation for being a bulldozer. he has little time for niceties. he articulates his ideas in bombastic and often quite pungent sentences. as the former obama senior adviser david axelrod, who spent years working closely with emanuel, has said, ‘he understands how to win and speaks bluntly in an idiom that most folks understand.’ that’s the nice way to put it. his style is tough, and tough is what the democrats seem to be looking for. “whether or not he has a real shot, emanuel is very politically astute, and he understands that this might be his moment. the same could be said of andrew cuomo, who is running for new york city mayor. when challenged over his tarnished record—the small matter of having resigned as governor over numerous allegations of sexual harassment—he is counterpunching with his record of hardheadedness. (cuomo has denied wrongdoing but has said he is ‘truly sorry’ for instances that were ‘misinterpreted as unwanted flirtation.’) ‘we don’t need a mr. nice guy. we need a mr. tough guy,’ representative ritchie torres said in his endorsement of cuomo. last month, speaking to donors, the former governor said he saw donald trump as a ‘bully in the schoolyard.’ and cuomo knows how to handle bullies. ‘he puts his finger in your chest,’ cuomo said. ‘and if you take one step back, he’s going to continue to put his finger in your chest.’ you put a finger in his chest, cuomo seemed to imply, and he’ll break it. “... as emanuel might have put it, maybe it takes an asshole to fight one. at least that’s what polling is picking up. a new nbc survey found that 65 percent of democrats want their lawmakers to oppose trump even if it leads to gridlock, compared with 32 percent who are willing to broach some compromise. (these numbers were practically flipped when the same question was asked roughly this far into trump’s first term.) “... this desire for roughness has erupted into scathing anger over the past few days, finding its target in senate minority leader chuck schumer, whose style is more mr. beloved uncle with a stain on his shirt than mr. tough guy. schumer decided not to block the republicans’ spending bill, thereby avoiding a government shutdown. his reasons were legitimate; not only would trump relish the chance to blame the shutdown on the democrats (surely schumer shutdown bumper stickers were already being printed), but a shutdown would give trump the power to close government agencies and programs he deemed “nonessential”—schumer worried specifically about food stamps—and the pain would have been counterproductive to democratic interests. the argument for a shutdown was simpler: do something, anything. many democratic lawmakers argued that signing on to the spending bill would make them look as if they were acquiescing to doge’s power grab “... i’m sympathetic to schumer, who was thinking about the actual implications of a shutdown beyond the performance and the politics. but he is in the wrong movie. democrats are desperate for someone to start poking their own finger into trump’s chest. the only problem is that they have no leverage at the moment; the shutdown was pretty much the only sand congressional democrats had to throw in the gears. how else could they show their constituents their fighting spirit?” read more here: [",politics,neutral,negative,neutral,neutral
1rn20s6,PoliticalDiscussion,"how long will the world tolerate double standards in war? around the world people are growing tired of the same pattern in international politics: rules that apply to some countries, but not to others. cluster bombs are widely condemned because they scatter hundreds of smaller explosives that can remain in the ground for years, killing civilians long after a war ends. israel faced heavy criticism for using them in lebanon in 2006, where millions of submunitions were fired into southern lebanon and many never exploded. civilians are still being injured by them today. at the same time, israel criticizes iran for the same type of weapons. the larger issue is that neither israel nor the united states are part of the international treaty banning cluster munitions. iran is not either. this raises a simple question: if international rules matter, shouldn’t they apply to everyone equally? the same contradiction appears in international law. the international criminal court has issued an arrest warrant for benjamin netanyahu over alleged war crimes. if countries argue that international law must be respected, then ignoring court rulings when they become inconvenient undermines the entire system. meanwhile discussions in u.s. politics have included talk of possible military escalation with iran. some reports have even mentioned nuclear options being discussed. if true, that is not a sign of strength. it is a sign of desperation. it is also worth remembering that the u.s. congress has not formally declared war. under the u.s. constitution, congress holds that authority. when wars expand without that democratic mandate, the risks of uncontrolled escalation increase. at the same time global supply chains, weapons production, and energy markets are being pushed to their limits. the middle east remains the center of global oil production. when conflict threatens that region, the entire world pays the price through higher fuel costs, food prices, and economic instability. for people already struggling with inflation and housing costs, endless escalation is becoming harder to justify. diplomacy is slow and frustrating. but the alternative is a cycle of escalation that risks dragging the entire world into larger conflict. so the real question is simple: how long will the world keep accepting double standards before trust in the entire international system collapses?",PoliticalDiscussion,negative,negative,negative,negative
